"userid","activity.daily_routines","activity.emotional","activity.entertainment","activity.intellectual","activity.live_music","activity.music_listening","activity.on_the_move","activity.physical","activity.social"
5,4,5,2,3,5,5,3,3,4
6,5,5,5,5,5,5,5,5,5
7,3,1,4,1,5,5,5,1,3
8,4,1,5,3,3,5,4,4,1
10,3,5,3,4,5,4,2,4,2
11,4,3,3,3,5,3,3,1,5
12,4,5,4,2,4,5,5,4,3
13,3,2,1,2,5,3,4,1,3
14,4,3,4,4,5,5,4,4,3
15,3,3,3,3,2,2,4,3,3
16,2,4,4,3,3,3,4,3,3
17,3,4,3,3,5,5,5,4,2
18,4,3,3,3,5,3,2,3,5
19,2,2,2,2,2,2,1,2,3
20,1,3,4,1,5,5,3,5,5
21,1,4,5,4,3,5,1,1,1
22,4,4,4,5,4,4,4,5,4
23,5,3,1,1,3,5,5,5,3
24,5,5,5,5,3,5,5,5,5
25,2,5,4,4,5,3,3,2,4
26,4,4,5,3,3,5,5,4,3
27,3,5,2,4,5,5,2,5,5
28,4,5,5,2,5,5,1,5,5
29,3,3,5,3,2,3,5,1,5
30,3,3,3,3,3,3,3,3,3
31,3,1,5,4,3,3,5,5,1
32,2,4,4,2,3,4,4,4,3
34,3,2,3,2,3,5,3,3,4
35,1,3,4,1,3,5,1,1,4
36,4,2,5,3,2,4,4,3,3
37,1,3,5,1,3,4,5,5,5
38,3,3,4,3,4,3,4,3,4
39,1,1,4,1,5,5,3,4,1
40,4,3,2,2,3,3,3,4,3
41,3,5,5,4,5,5,3,4,4
42,5,2,3,5,4,3,4,4,3
43,4,4,4,5,2,4,4,3,2
44,3,4,4,4,4,4,4,4,4
45,4,4,5,4,5,5,4,5,5
46,4,4,3,4,3,3,3,2,3
47,5,4,5,4,5,4,4,4,5
49,4,1,3,2,2,3,5,3,1
50,4,4,3,2,5,5,4,5,5
51,3,4,3,4,4,4,3,4,4
52,4,5,3,4,4,4,5,5,3
53,4,1,1,3,1,2,5,1,1
54,4,5,5,3,5,5,5,5,5
56,3,1,1,2,5,5,4,4,2
57,4,5,5,4,5,5,4,5,4
58,3,1,4,2,4,5,3,3,3
59,4,4,4,5,5,5,4,4,5
60,3,2,4,4,4,4,2,4,2
61,4,3,3,1,3,5,3,3,3
62,2,5,4,2,3,3,4,4,3
63,4,2,5,4,4,5,5,5,3
65,4,2,5,1,5,5,5,4,4
66,4,4,4,4,4,4,5,4,4
67,4,4,4,4,4,4,5,4,4
68,2,2,3,2,2,2,3,3,2
70,4,4,5,4,5,4,5,4,4
71,3,3,2,2,2,3,5,5,3
72,3,3,4,4,3,5,3,4,2
73,4,5,5,4,5,4,5,4,1
74,4,3,4,4,3,4,5,5,4
75,3,2,5,4,3,4,4,5,4
76,5,5,5,1,5,5,5,5,5
77,4,4,5,3,4,4,4,4,5
78,5,1,1,5,5,5,5,5,5
79,3,2,2,1,4,5,3,4,2
80,4,5,5,4,5,5,3,4,5
81,2,4,2,1,5,5,4,5,5
82,4,3,4,4,5,4,5,4,4
83,5,5,4,5,3,3,5,5,2
84,4,4,4,4,4,4,4,4,4
85,5,5,5,2,5,5,4,5,4
87,3,5,5,4,4,4,4,3,5
88,3,4,5,4,5,4,3,5,4
90,4,4,4,3,3,4,3,4,3
91,5,4,4,5,4,4,1,4,4
92,3,3,2,4,4,3,3,3,4
94,4,4,4,3,4,4,4,4,3
95,4,4,4,3,4,2,3,4,2
96,3,2,4,3,4,5,4,4,4
98,4,5,4,3,5,5,5,4,4
99,3,5,4,5,4,5,4,5,4
100,1,5,5,4,5,5,5,4,2
101,5,4,4,3,5,5,5,5,3
102,3,5,2,5,5,5,2,3,4
103,3,3,3,4,5,4,4,4,4
104,5,5,2,2,5,5,4,4,4
105,5,2,4,2,4,5,4,5,2
106,5,5,5,4,5,5,5,5,5
107,2,5,3,5,5,5,3,3,5
108,5,5,5,5,5,5,5,5,5
109,3,3,3,3,3,3,3,3,3
110,3,3,4,4,5,5,3,3,3
111,3,2,2,3,5,5,5,3,1
112,5,1,3,2,1,5,5,1,2
113,4,3,3,5,2,5,2,5,1
114,4,5,3,2,5,5,4,5,5
115,2,2,2,3,1,2,3,1,1
116,5,2,3,4,2,3,4,3,3
117,3,3,3,3,3,3,3,3,3
118,5,1,2,5,1,1,5,2,1
119,4,3,4,3,4,4,4,4,4
120,4,4,4,2,4,4,1,4,4
121,4,5,4,4,5,5,5,5,5
122,5,5,3,5,5,5,5,5,5
123,4,4,4,4,3,5,4,3,4
125,5,5,4,4,5,5,5,5,4
126,4,2,3,1,1,5,5,5,4
128,1,2,5,4,3,3,5,4,5
129,4,4,5,5,5,5,4,5,5
130,2,3,4,1,5,5,4,3,3
131,5,2,5,1,5,5,1,3,2
132,4,3,4,4,3,4,3,3,4
133,4,5,4,2,2,5,4,1,2
134,3,5,4,5,4,4,4,4,4
135,4,2,3,2,3,4,3,4,2
136,1,3,2,1,5,5,2,4,3
140,4,4,3,3,3,3,3,3,2
141,4,3,4,3,5,5,5,5,4
142,2,4,5,4,3,4,3,1,4
143,4,2,2,2,3,4,4,4,4
144,2,1,5,1,3,4,3,3,2
145,3,3,3,3,3,4,3,4,4
146,2,3,4,2,3,5,4,4,4
147,5,3,4,5,4,5,4,5,5
148,4,4,3,2,5,5,3,5,5
149,4,4,3,2,4,4,4,4,4
150,3,1,3,1,3,2,3,5,4
151,4,4,4,3,5,5,4,4,5
152,4,5,1,1,5,5,4,1,1
153,5,5,2,3,4,5,4,4,3
155,4,4,4,3,4,4,4,4,4
156,3,5,5,3,5,5,1,3,3
157,5,5,5,5,5,5,5,5,5
158,4,2,4,4,2,3,3,3,3
159,2,4,3,2,3,2,3,3,2
160,3,4,4,3,3,3,4,3,3
161,4,3,4,3,3,4,3,3,3
163,5,3,3,2,2,4,3,4,4
165,3,2,3,2,4,5,5,3,4
166,4,5,3,1,5,5,5,5,3
167,3,3,2,2,5,5,5,3,2
168,4,4,4,4,5,4,4,5,4
169,3,4,4,3,4,4,3,3,3
170,2,4,3,2,3,5,3,2,2
171,3,3,2,3,3,3,4,2,2
172,5,3,4,5,3,4,4,3,2
174,4,3,5,2,2,3,3,4,3
175,4,4,4,3,5,5,5,3,4
176,3,2,4,3,3,3,4,3,4
177,4,5,4,4,4,5,4,5,4
179,2,4,2,4,3,3,2,5,3
180,5,1,5,1,5,3,5,4,3
181,3,5,5,3,5,5,5,4,4
182,3,3,5,4,3,5,3,4,4
183,5,5,4,3,3,5,5,5,4
185,4,2,2,4,1,3,3,2,4
187,4,4,4,4,5,5,4,4,4
188,3,3,3,3,3,3,3,3,3
189,5,5,5,5,5,5,5,5,5
190,1,1,4,1,2,5,1,1,2
191,5,1,5,1,5,5,5,5,1
194,5,5,5,4,3,4,5,5,4
195,2,5,3,1,2,4,4,4,3
196,2,2,4,3,3,4,1,3,3
197,4,2,4,4,1,4,2,2,1
198,3,4,3,3,3,3,5,5,3
199,3,4,1,1,4,4,4,3,4
201,3,2,4,2,4,3,3,3,3
202,5,4,2,2,5,5,4,5,5
203,2,3,3,1,4,5,3,5,3
204,5,5,4,4,3,5,5,3,4
205,5,2,4,5,2,4,5,4,2
207,3,3,3,4,4,4,4,3,4
208,2,4,3,5,3,4,5,5,2
209,4,2,5,4,4,4,3,5,4
211,4,4,4,3,4,5,3,5,5
212,5,5,2,5,5,5,5,5,4
213,5,5,4,4,5,5,5,5,5
214,3,5,4,5,3,4,3,4,4
216,4,3,3,3,5,5,4,4,2
218,2,4,5,3,5,5,5,4,2
219,3,3,1,2,4,5,5,5,3
220,2,3,2,4,3,4,4,5,5
223,4,5,4,5,4,5,4,5,4
224,4,4,4,4,4,4,5,4,4
225,4,4,4,1,5,5,2,4,3
226,5,4,5,4,5,5,5,5,5
227,5,5,5,5,5,5,5,5,5
228,2,1,3,2,5,1,5,2,3
229,3,5,4,4,5,5,3,5,5
230,2,2,3,1,3,5,4,3,4
231,3,3,3,2,1,4,5,1,3
232,4,5,4,4,5,5,4,5,4
233,3,2,4,3,3,5,4,3,3
234,2,4,3,4,5,4,2,1,2
235,4,4,4,4,5,4,5,5,2
236,3,4,3,2,5,5,2,5,3
238,5,4,3,3,4,5,5,4,5
239,3,3,5,5,5,5,4,3,2
240,2,3,1,1,1,4,4,4,1
241,4,2,5,3,4,4,4,3,2
242,3,5,5,2,5,5,5,5,3
244,3,4,3,2,3,3,4,4,4
245,4,4,5,3,4,4,4,5,3
246,4,5,5,4,5,4,5,5,4
247,4,3,4,4,3,2,5,3,4
248,4,5,4,4,5,5,5,5,4
249,1,5,5,4,3,5,1,1,3
251,3,4,4,3,4,4,4,4,4
252,2,1,4,2,1,3,3,1,1
254,2,2,4,4,2,2,4,2,2
255,5,2,5,2,2,5,5,5,2
256,5,4,4,2,3,4,4,3,4
257,3,3,4,3,2,3,3,3,3
258,4,4,4,3,5,5,4,4,5
259,4,3,4,1,4,4,4,4,3
260,3,1,4,3,3,5,2,5,4
261,3,5,5,4,5,4,4,4,4
262,5,4,5,3,5,5,5,3,2
264,3,4,4,2,3,4,4,4,3
266,5,5,5,3,5,5,5,5,5
267,4,4,2,3,3,3,3,3,4
268,5,4,4,5,5,4,3,4,5
270,5,5,4,4,5,5,5,5,5
271,3,3,5,3,4,4,4,4,4
273,5,4,2,1,5,5,4,5,3
274,3,3,5,4,3,2,2,3,4
275,4,5,4,3,3,3,4,5,4
277,4,5,5,4,4,5,5,4,5
278,4,5,5,4,4,4,4,5,4
279,2,2,3,3,3,3,3,5,1
280,4,4,3,3,5,4,4,4,4
281,5,5,5,5,5,5,5,5,5
282,4,4,3,2,5,5,4,5,4
283,1,5,4,1,5,5,2,1,5
285,1,3,4,1,1,1,1,1,1
287,3,1,4,1,3,4,5,5,3
289,3,2,3,3,4,3,4,3,3
290,5,4,5,4,5,5,5,4,5
291,5,4,5,2,5,5,5,5,3
293,4,2,3,3,3,4,4,3,4
294,3,4,2,3,4,3,3,4,4
295,4,4,4,4,4,3,3,3,3
296,3,3,4,3,5,5,3,4,4
297,3,4,4,4,4,5,4,4,4
299,4,2,2,3,3,5,5,1,4
300,3,3,3,3,3,3,3,3,3
301,5,3,3,3,4,4,5,3,4
302,3,3,4,4,3,4,3,4,4
303,4,4,3,3,3,4,5,4,5
304,3,4,4,2,5,4,3,2,3
306,5,5,5,4,5,5,5,5,5
308,3,4,3,3,3,3,3,3,3
309,5,3,3,3,4,3,4,4,4
311,4,4,4,4,4,4,5,4,5
312,3,4,3,3,4,3,4,2,3
313,4,3,4,2,5,5,5,4,4
315,5,3,4,2,4,5,5,5,4
316,4,5,2,2,2,5,2,5,4
318,2,3,5,5,5,5,5,2,5
322,5,1,4,5,4,5,5,3,2
323,4,5,3,4,5,4,3,5,3
324,5,5,5,5,5,5,5,5,5
325,2,2,5,2,2,4,4,2,2
326,4,3,4,1,5,5,4,4,2
328,3,5,5,4,4,4,4,4,4
329,4,4,3,2,4,5,4,3,4
333,4,4,2,5,1,5,4,3,1
334,4,4,4,2,3,4,3,4,4
335,5,5,2,2,5,3,5,4,4
336,3,2,4,4,4,5,3,5,5
337,4,3,1,1,1,5,4,2,1
338,2,5,4,2,4,5,3,3,2
340,4,4,3,4,3,5,3,5,3
341,5,5,4,5,4,5,4,4,4
342,5,3,3,4,2,5,5,3,2
345,2,2,3,1,1,5,4,5,4
346,4,4,4,2,5,5,5,5,2
347,3,3,3,3,3,3,3,3,3
348,2,1,3,1,4,4,3,3,3
349,2,4,2,4,3,3,4,3,4
350,5,3,5,3,5,5,4,5,5
351,3,2,4,2,4,4,3,3,3
353,2,5,3,3,3,2,1,4,3
354,4,4,5,5,3,3,5,5,4
356,3,5,5,2,3,5,4,5,5
358,4,4,5,3,2,3,4,2,3
360,5,5,5,4,5,5,5,5,4
361,5,5,4,3,5,5,5,5,5
363,5,4,4,3,5,5,3,4,3
364,3,2,5,3,5,5,5,4,4
368,2,2,1,1,5,5,2,2,2
371,1,1,4,1,2,2,4,1,4
372,3,4,4,4,5,5,4,5,4
374,5,1,3,1,1,5,5,3,1
375,2,4,4,3,3,3,3,3,4
376,3,1,3,1,3,4,3,2,3
378,3,2,5,2,5,5,4,4,5
380,2,3,3,1,4,5,3,3,2
381,3,3,4,1,2,4,4,4,4
382,5,5,5,1,4,5,5,5,1
383,2,3,4,3,4,3,3,3,2
386,4,5,5,4,5,5,4,5,5
387,3,4,4,3,3,4,4,3,2
389,5,5,5,3,4,5,5,5,4
390,1,3,4,1,1,2,2,4,2
391,4,2,4,1,4,5,4,4,4
392,3,2,2,1,1,5,2,3,2
393,4,4,5,2,5,5,4,4,4
394,4,4,4,3,5,5,5,5,3
395,3,4,5,5,5,4,5,5,5
400,4,3,3,2,4,3,3,4,5
402,3,3,4,4,3,5,5,5,4
403,3,5,4,3,3,4,4,3,5
404,2,3,4,2,3,2,4,4,1
405,1,3,1,1,1,1,1,1,1
406,4,3,5,4,5,5,5,3,3
408,3,4,5,4,3,4,4,5,5
410,3,3,4,2,4,3,2,4,3
412,5,5,5,3,2,5,5,5,4
413,5,3,4,4,4,5,5,5,5
414,3,4,2,3,5,5,3,4,2
415,2,4,4,2,4,5,1,3,3
416,2,4,2,5,3,4,4,2,3
420,4,4,2,1,4,5,4,1,4
421,2,4,4,3,3,3,4,3,3
423,4,2,3,5,3,3,3,4,4
424,3,3,4,3,5,5,4,4,3
425,4,4,5,5,4,4,4,4,4
427,4,4,5,3,3,2,4,4,4
429,5,3,4,1,3,5,4,1,4
430,2,3,3,1,4,5,4,4,4
432,2,1,2,1,1,3,4,1,3
433,3,3,3,3,4,3,3,2,3
435,5,2,2,1,2,2,5,2,2
436,4,5,5,4,3,4,5,5,4
438,5,3,4,3,3,3,4,4,3
440,5,4,5,4,5,5,4,4,5
444,2,3,4,5,4,4,3,4,5
445,1,4,5,4,2,2,3,4,3
447,1,2,3,1,3,3,5,4,3
448,3,3,4,1,3,4,4,4,3
450,5,2,5,3,5,5,5,3,5
451,3,2,2,1,2,3,4,4,3
453,3,3,5,4,5,5,5,5,3
454,4,3,5,3,3,5,5,5,4
455,4,4,4,4,3,4,4,4,3
457,4,4,3,5,5,5,2,4,4
459,3,1,3,2,5,5,3,3,3
460,4,3,4,3,4,5,4,4,4
462,5,1,4,1,4,4,5,4,2
464,4,2,2,2,3,5,4,4,3
466,5,4,4,5,5,5,4,5,3
467,4,4,5,5,4,4,4,5,4
471,4,4,4,4,3,4,3,4,4
472,1,3,2,4,3,1,3,1,4
473,3,3,5,3,5,5,5,3,5
477,2,2,3,2,4,5,4,3,2
478,4,5,2,3,5,5,5,5,3
479,4,4,4,3,5,5,4,5,5
481,2,4,3,4,4,4,3,5,3
482,4,5,4,5,5,5,5,5,4
485,2,4,4,3,3,4,4,4,3
486,5,5,5,5,5,5,4,5,5
490,4,3,1,2,2,5,4,5,2
491,5,5,5,5,5,5,5,5,5
492,3,2,4,4,4,3,4,3,2
493,4,2,2,1,1,1,4,5,5
494,3,5,5,5,4,5,1,4,2
495,3,2,3,1,5,5,2,4,2
496,3,2,4,2,4,4,3,2,4
499,3,4,4,1,3,4,4,4,5
500,2,4,4,5,2,5,2,4,2
501,3,5,5,3,2,5,5,5,5
503,5,5,3,3,3,4,4,4,5
504,4,3,3,2,5,5,4,4,3
505,5,3,4,2,5,5,5,2,3
506,2,4,5,2,2,2,4,4,3
507,4,5,4,3,5,5,5,4,4
508,4,4,4,3,5,5,5,4,4
512,2,3,3,2,3,5,5,5,1
513,2,4,4,5,2,5,3,5,2
514,4,3,3,4,4,4,3,3,4
515,3,5,5,5,2,5,2,3,5
516,3,2,4,1,5,3,4,3,4
517,4,4,4,5,4,4,5,5,5
518,4,3,3,3,2,5,4,3,2
519,5,2,5,2,5,5,5,4,4
520,4,3,4,4,3,4,4,4,3
522,3,5,4,3,4,4,3,4,4
523,4,2,4,1,5,5,5,4,3
525,4,3,4,3,4,5,4,5,4
526,4,3,4,3,5,5,4,5,3
527,3,4,4,5,3,5,4,3,5
531,4,3,5,3,4,5,4,4,5
532,4,3,4,3,2,2,4,3,3
534,5,4,4,1,3,4,5,4,5
535,3,4,5,2,5,5,5,5,5
540,4,3,3,1,5,5,4,4,3
541,3,5,5,3,5,5,5,5,3
545,3,4,4,2,5,5,3,4,4
546,2,1,2,1,5,5,2,1,3
547,4,4,4,3,5,5,5,4,4
548,4,3,4,1,3,5,5,4,1
549,4,5,2,3,5,5,2,3,3
550,2,5,1,3,2,4,3,4,3
551,4,5,4,5,5,4,5,5,4
552,5,4,5,5,4,5,5,5,5
554,2,4,2,1,2,3,2,4,2
556,4,1,4,3,5,5,1,2,3
557,1,1,2,1,2,2,3,3,2
558,5,5,5,5,4,5,5,5,5
559,3,4,5,4,5,5,4,5,4
560,3,4,3,2,3,4,5,4,2
562,5,5,5,5,5,5,5,5,5
564,3,4,5,5,5,5,2,3,2
566,3,3,3,3,3,3,3,3,1
567,2,2,5,3,5,5,5,3,2
568,3,3,3,3,3,3,3,3,3
569,1,3,3,1,1,5,1,3,3
571,4,5,4,5,5,5,4,4,5
572,4,3,4,2,4,5,4,4,4
573,5,2,4,3,5,5,5,4,3
574,3,5,4,2,4,5,5,3,4
577,4,4,4,3,3,3,3,3,4
578,4,1,4,1,5,5,4,1,5
579,1,4,4,1,5,5,4,5,1
582,1,1,5,1,1,1,1,5,1
584,3,1,4,2,3,2,3,2,2
585,4,5,3,3,5,5,4,5,5
586,4,4,3,2,5,5,3,4,3
587,3,5,4,4,5,5,4,5,3
588,3,3,4,3,4,4,4,4,4
589,2,5,3,4,3,3,3,4,3
593,5,5,5,5,5,5,5,5,5
594,1,1,1,1,1,1,1,1,1
595,3,4,3,1,2,5,4,5,3
596,4,5,4,4,5,5,5,5,5
598,4,4,5,3,5,5,5,4,5
599,4,3,4,4,3,3,4,4,3
601,3,2,2,3,1,1,4,4,3
602,5,4,5,3,4,5,4,4,3
604,4,3,5,3,5,4,5,3,5
607,5,5,5,3,5,5,5,5,4
609,4,4,4,3,5,5,5,5,4
612,2,5,5,1,5,5,3,5,2
613,4,4,4,4,5,5,3,4,4
616,1,1,4,1,1,1,3,1,1
617,4,2,3,2,4,5,5,5,3
620,3,3,3,2,5,5,4,5,3
621,4,4,5,3,5,5,5,3,3
622,3,3,5,3,4,5,5,4,4
624,3,2,3,2,5,5,3,2,4
625,1,3,1,2,2,1,1,2,2
629,2,3,1,1,4,4,3,4,2
635,1,3,2,3,5,5,3,2,3
636,1,2,1,1,5,4,1,1,3
637,4,2,4,2,4,5,5,4,4
638,3,2,5,4,3,5,2,1,4
639,5,5,5,3,1,3,1,4,5
641,4,3,2,3,3,2,3,2,4
642,5,5,4,4,4,5,4,5,4
643,1,1,4,2,3,3,4,4,4
644,4,4,4,5,5,4,4,4,4
650,4,5,1,5,3,5,5,5,4
652,4,3,3,3,4,5,4,2,2
653,2,1,1,1,1,1,4,1,1
655,4,2,3,2,3,5,5,4,4
656,4,5,4,5,5,5,5,5,5
657,4,5,4,1,5,5,2,5,5
659,3,5,3,3,5,5,3,4,4
660,4,5,4,1,5,5,3,4,4
661,5,5,4,4,4,3,5,4,4
664,4,1,4,2,2,4,4,2,2
665,2,5,4,2,5,5,5,2,5
666,4,4,5,2,5,5,4,4,4
668,4,3,2,3,4,5,2,3,3
669,3,2,5,2,4,5,5,4,3
671,5,1,5,4,1,5,5,2,1
674,4,4,2,2,2,3,5,4,3
675,3,2,1,1,3,5,4,5,2
678,3,2,4,2,4,5,5,3,2
679,2,1,4,1,5,4,5,5,5
680,4,4,4,3,3,4,4,4,4
681,2,1,2,1,3,5,2,1,2
682,3,5,4,5,5,5,2,2,4
685,4,4,3,3,4,4,4,4,3
686,2,4,1,4,3,3,3,4,3
689,3,4,4,4,3,4,5,4,4
691,2,4,4,2,4,5,4,4,3
692,5,5,3,4,5,5,4,5,5
693,4,3,4,2,4,5,3,4,3
694,3,1,1,1,1,3,3,3,2
695,4,1,5,2,2,3,4,4,2
697,4,4,4,5,4,4,4,3,4
700,3,5,2,1,1,5,5,5,5
701,5,3,4,3,4,4,5,3,3
704,3,3,4,3,3,4,5,4,3
706,2,2,3,3,3,3,4,3,3
708,4,4,3,1,5,5,2,5,2
709,5,5,5,5,5,5,5,5,5
710,4,3,2,2,5,5,4,3,3
712,4,5,5,4,4,4,3,4,4
713,4,2,2,2,2,3,4,2,4
714,4,4,2,3,5,5,5,4,4
715,5,5,5,5,5,5,5,5,5
718,3,3,4,4,4,4,4,4,4
719,4,1,5,5,4,5,4,4,5
720,3,3,5,3,2,3,5,4,2
721,4,4,4,2,4,2,4,3,2
722,4,4,5,2,5,5,4,4,5
723,1,1,1,1,5,5,5,2,1
724,5,5,1,1,3,5,5,5,3
725,2,4,2,1,4,5,5,5,3
726,4,3,3,3,2,4,3,4,3
727,4,5,2,3,3,4,5,3,3
728,2,4,4,3,3,4,3,1,3
729,2,2,4,4,4,4,4,5,3
731,2,3,3,3,5,5,4,4,3
732,5,4,4,5,2,4,4,5,4
733,4,4,2,2,2,5,4,3,4
734,5,3,4,3,3,4,4,3,3
735,4,3,4,3,4,3,4,3,3
737,2,3,3,1,5,5,2,4,2
739,3,3,2,2,4,4,3,2,3
740,2,1,2,1,1,1,3,1,1
741,5,4,4,3,4,4,5,5,5
742,5,4,4,5,4,4,3,4,4
743,3,1,1,1,1,1,3,4,2
744,3,5,2,1,1,5,4,3,2
745,5,5,5,5,3,5,5,5,3
746,1,3,2,4,4,5,4,2,4
748,5,1,5,5,2,5,3,4,2
749,5,4,3,5,4,5,3,4,4
750,4,5,3,2,5,4,5,5,4
751,3,5,3,4,3,4,4,4,4
752,3,5,5,1,5,5,5,5,4
756,3,3,3,1,4,2,4,1,3
758,4,5,3,4,5,5,3,3,3
760,3,3,3,4,2,3,3,3,2
763,3,3,2,2,4,3,4,3,3
765,4,3,4,2,4,2,3,5,4
767,3,5,2,4,1,3,4,3,3
768,2,4,3,1,4,4,4,3,3
769,3,2,3,2,4,3,4,3,3
772,2,1,3,2,1,2,4,4,1
773,2,5,5,2,5,5,5,5,2
774,4,2,2,1,3,5,4,5,1
775,3,3,3,4,4,3,3,4,3
777,5,3,3,2,5,5,5,5,5
779,4,3,4,3,3,3,3,3,3
780,4,3,3,4,3,4,4,3,4
781,5,5,5,4,5,5,5,5,5
782,3,3,3,4,4,4,3,2,3
784,2,5,4,4,3,5,4,5,5
786,4,4,3,4,3,4,3,4,3
787,2,1,4,1,5,5,3,3,4
788,3,3,3,3,3,3,3,3,3
790,4,5,5,4,2,5,2,3,4
791,5,2,3,2,5,5,5,4,5
796,2,3,4,2,5,5,4,4,2
797,3,3,4,2,5,5,5,5,4
799,4,5,3,3,5,5,5,5,4
800,4,3,2,2,4,5,4,2,3
801,5,5,5,5,2,4,5,5,5
802,3,5,5,4,3,5,5,5,4
803,4,3,2,3,4,4,4,3,3
806,2,3,4,3,5,5,4,4,2
807,1,2,4,2,1,4,3,3,3
809,1,1,3,1,5,5,4,4,3
810,2,4,3,2,4,5,3,5,5
811,4,4,4,3,4,4,4,4,3
813,2,3,4,1,5,4,3,5,3
815,3,3,3,2,3,3,4,2,3
816,4,4,4,5,5,5,4,5,4
817,3,4,5,2,3,5,5,4,4
818,3,4,3,2,2,4,4,4,2
820,4,2,1,1,5,5,5,5,5
823,2,3,3,3,4,5,5,3,3
827,4,4,5,3,5,5,5,5,4
831,3,4,4,4,4,4,4,3,4
834,5,5,5,5,5,5,5,5,5
835,4,4,4,3,4,4,4,4,4
836,3,5,5,4,5,5,4,4,5
837,5,3,4,3,5,5,4,5,5
839,2,3,4,3,2,4,2,3,2
840,3,3,2,5,4,3,3,4,2
842,4,5,5,5,4,4,4,5,4
844,5,1,5,3,1,5,2,2,1
845,3,3,2,3,3,2,2,4,3
847,5,1,5,1,1,5,5,1,1
848,1,5,4,1,5,5,5,4,5
850,1,1,4,1,5,5,5,4,4
853,3,2,2,2,2,1,3,2,2
854,3,1,4,1,5,4,4,3,4
856,3,4,1,1,3,3,3,5,4
857,4,4,4,4,4,4,4,4,4
858,3,3,3,3,4,4,4,4,4
860,4,4,3,2,5,5,4,3,4
861,4,4,5,5,4,4,4,4,3
862,4,1,4,2,5,5,3,5,3
863,5,4,4,2,5,4,4,5,3
865,4,3,4,2,4,3,4,4,2
866,5,4,3,3,5,5,5,4,4
867,1,4,4,2,5,5,4,2,2
868,3,3,4,3,3,3,4,4,3
869,4,4,3,1,4,4,4,4,4
870,2,4,3,3,5,5,3,5,4
872,5,2,3,3,2,2,4,4,5
873,4,3,4,3,5,5,5,3,4
874,5,5,5,3,2,5,4,2,4
875,5,5,5,5,5,5,5,5,5
877,2,3,4,1,5,4,5,2,5
879,5,5,5,5,5,5,5,5,5
880,4,4,4,4,3,5,3,3,4
881,4,5,4,4,1,4,4,4,1
882,3,3,3,3,3,3,3,3,3
883,5,3,2,2,3,5,4,5,3
884,3,1,4,1,5,1,2,3,2
885,3,3,4,3,4,5,4,4,4
886,4,5,4,1,5,5,4,4,5
887,5,5,4,3,3,5,5,5,4
888,4,3,4,4,3,5,5,4,4
889,3,4,4,2,4,4,2,5,5
890,4,3,3,3,1,2,3,2,2
891,4,3,4,4,5,5,5,5,4
892,3,5,4,3,5,5,5,5,4
894,1,1,4,1,4,4,1,4,1
895,4,5,5,4,5,5,5,4,5
896,3,5,4,3,4,4,4,5,3
897,1,1,1,1,1,1,1,1,1
898,4,4,4,4,4,5,5,3,5
899,5,5,5,5,5,5,5,5,5
901,3,3,3,3,3,3,3,3,3
902,5,4,5,5,4,5,5,5,4
903,5,5,5,5,5,5,5,5,5
904,3,3,3,4,3,5,5,4,5
905,2,4,3,1,5,5,2,4,5
906,4,2,3,2,5,5,3,3,3
907,4,4,4,5,5,5,5,3,3
909,5,5,4,4,4,5,3,5,4
910,3,3,4,5,3,5,4,3,3
911,3,2,3,1,5,5,5,4,3
913,4,4,5,5,5,5,5,4,5
915,3,4,3,2,5,5,3,3,4
916,4,3,4,2,2,4,2,3,3
917,3,4,3,4,4,3,4,3,2
918,3,1,5,3,4,4,4,3,2
919,3,3,4,4,4,4,3,3,3
920,3,4,5,4,3,5,4,5,5
922,2,3,4,3,2,3,3,2,3
923,4,4,4,4,4,4,4,5,4
924,4,4,4,5,2,5,5,4,4
925,5,3,4,4,5,5,5,4,3
926,4,3,2,2,3,4,4,3,4
927,1,3,3,1,3,3,5,4,3
928,4,3,2,3,3,3,4,3,4
929,4,2,4,1,3,3,4,5,2
934,4,2,3,2,5,5,1,4,4
935,4,3,4,1,5,5,5,5,3
936,2,2,2,1,3,3,2,3,2
937,4,3,2,1,4,4,4,3,4
939,4,2,3,3,1,1,4,3,2
941,4,4,4,4,4,4,4,4,4
944,5,4,4,5,4,5,4,4,5
946,4,4,4,5,4,4,3,3,5
948,3,3,4,4,3,4,3,4,4
949,2,4,1,3,3,4,5,4,1
950,3,2,3,2,4,5,3,4,4
951,3,3,5,5,4,4,5,3,3
956,2,4,5,4,4,5,5,5,4
957,4,4,4,3,5,4,4,4,4
959,2,3,1,4,1,4,2,3,2
962,4,4,3,1,3,4,4,4,2
965,4,5,4,1,5,5,5,4,4
966,1,4,3,1,2,5,5,5,3
967,1,3,4,2,5,5,3,5,2
969,5,5,3,4,5,5,5,5,5
972,4,4,4,4,3,3,3,3,4
973,4,3,3,2,4,4,3,3,3
974,3,4,4,4,4,4,4,2,4
975,4,3,3,3,4,4,3,3,4
976,4,1,2,1,4,5,4,4,4
979,4,4,4,4,4,5,3,3,3
980,5,4,4,2,5,5,5,2,5
982,4,4,4,3,4,4,4,4,4
983,4,3,3,4,4,5,5,3,4
984,3,2,4,3,2,4,3,3,2
986,3,5,5,3,3,5,5,5,4
987,4,5,4,5,4,5,4,5,4
988,3,3,3,3,3,3,3,3,3
989,4,5,4,4,4,5,4,5,4
991,5,3,5,2,5,5,5,5,4
992,3,2,5,4,1,2,2,4,2
995,5,4,5,5,4,5,5,4,5
996,5,3,5,5,5,5,4,3,5
998,3,2,2,2,4,3,4,3,4
999,2,2,4,2,5,4,3,4,5
1000,3,5,4,3,4,5,5,4,4
1001,3,3,4,4,2,4,4,5,4
1003,3,2,5,2,3,3,4,5,3
1004,5,4,5,3,5,5,5,5,5
1006,3,4,3,3,5,5,5,3,4
1010,4,2,2,1,4,2,5,3,5
1011,2,1,1,3,3,5,3,2,2
1012,4,3,3,3,3,3,3,4,4
1013,4,2,3,3,3,3,2,1,1
1014,3,2,4,2,4,4,2,2,3
1015,3,3,5,1,4,3,2,5,5
1018,2,2,4,4,4,4,4,4,4
1019,2,1,5,1,3,5,5,4,3
1020,3,2,5,4,3,4,4,4,3
1023,3,4,4,4,3,5,5,5,4
1026,5,5,4,4,5,5,5,5,5
1027,3,3,4,4,3,4,4,4,4
1028,2,2,5,5,5,5,3,4,5
1030,4,2,5,3,4,5,5,3,3
1035,3,4,3,2,3,2,2,4,2
1036,5,3,3,2,4,4,5,3,3
1039,1,4,4,1,5,5,5,3,3
1041,4,3,3,4,5,5,3,4,4
1043,4,4,5,4,4,4,4,4,5
1044,4,3,5,2,4,4,5,4,3
1046,2,2,3,3,4,3,5,3,5
1047,3,3,4,4,4,4,4,3,4
1048,3,3,3,3,3,3,3,3,3
1049,3,4,5,5,1,5,5,4,4
1051,3,3,4,2,3,4,4,4,4
1052,3,4,3,4,4,4,5,4,4
1053,1,4,5,1,4,5,1,4,1
1055,5,5,5,5,5,5,5,5,5
1056,5,4,4,5,5,5,5,4,4
1057,3,2,2,4,2,1,3,3,4
1059,3,4,4,3,5,5,3,4,5
1060,4,5,4,5,4,4,4,3,5
1063,4,3,4,5,4,5,3,5,3
1064,4,5,5,3,3,5,4,5,2
1065,1,5,5,1,5,5,3,3,1
1066,4,3,4,5,4,5,4,4,3
1070,4,4,5,4,5,5,2,4,4
1073,4,5,4,4,4,5,5,3,4
1075,1,4,5,2,4,5,3,3,1
1076,3,4,3,2,5,5,4,5,5
1077,5,3,5,3,5,5,5,4,3
1079,2,4,3,4,5,5,2,4,4
1080,3,3,4,2,2,3,3,3,4
1083,4,2,4,3,3,4,3,4,3
1084,4,3,4,3,4,3,4,4,4
1085,5,3,5,3,3,3,5,4,4
1086,4,4,3,3,3,3,4,3,3
1088,1,1,5,1,4,5,1,2,4
1089,4,1,4,4,4,4,4,4,4
1090,3,2,4,3,3,3,3,3,4
1091,5,4,4,4,2,5,5,4,2
1092,5,5,5,5,5,5,5,5,5
1093,3,4,5,5,4,5,3,5,5
1094,1,1,1,1,1,1,1,1,1
1095,2,5,5,2,5,5,3,4,2
1096,4,5,1,1,5,5,3,5,5
1099,1,4,5,3,5,5,4,2,4
1102,5,5,5,4,1,5,3,5,2
1104,5,5,1,1,5,5,5,5,5
1105,1,5,5,3,5,5,5,5,5
1106,2,3,4,4,2,4,3,2,2
1107,4,4,5,5,4,5,5,4,5
1109,4,3,1,2,1,5,4,5,1
1110,2,1,1,1,5,5,4,3,2
1111,5,4,3,3,3,5,4,4,4
1113,1,5,4,2,1,2,1,5,4
1114,3,1,3,2,3,1,1,1,2
1115,3,4,4,4,3,3,5,1,3
1116,3,2,2,3,1,1,2,2,2
1118,4,3,3,1,2,3,4,5,2
1119,3,4,4,4,1,5,4,4,2
1120,1,1,4,4,1,4,3,1,1
1122,2,2,2,3,3,2,4,2,2
1123,5,4,5,4,5,5,5,5,5
1125,3,4,4,4,5,5,3,4,3
1127,1,5,5,1,1,5,1,5,1
1129,4,3,5,3,3,4,3,4,4
1135,4,3,3,4,2,3,4,3,3
1136,1,1,5,2,5,5,1,2,4
1138,2,3,4,4,3,5,3,3,4
1139,4,2,3,4,3,5,2,5,3
1141,2,1,4,1,5,5,3,4,3
1142,2,3,5,5,5,5,5,5,3
1144,5,2,4,4,5,5,5,5,4
1145,5,2,4,3,4,5,5,4,4
1146,5,5,2,5,5,5,4,5,5
1147,4,3,3,3,3,3,4,4,2
1148,4,5,4,1,5,5,4,4,3
1149,2,1,1,5,5,5,5,4,4
1150,5,5,4,5,4,4,5,5,3
1151,3,2,2,2,2,2,2,3,2
1154,4,2,3,2,3,3,5,5,2
1156,5,5,5,5,5,5,5,5,5
1157,3,3,3,2,2,4,4,4,3
1158,4,5,4,4,4,4,2,4,4
1159,4,1,4,1,5,5,4,3,4
1160,2,2,3,5,5,5,3,4,1
1165,2,3,3,5,2,3,5,3,1
1166,4,3,5,3,5,5,4,5,2
1167,4,4,5,2,4,3,5,4,3
1168,3,2,3,2,2,2,2,2,2
1169,3,3,3,3,3,3,3,3,3
1170,4,5,3,3,5,5,4,4,5
1171,4,4,3,3,4,5,3,3,3
1172,1,1,1,1,1,1,1,1,1
1173,2,1,3,1,5,5,5,5,5
1174,2,1,4,1,5,5,5,5,4
1175,1,1,2,1,1,3,1,1,1
1176,3,2,5,4,4,5,3,4,5
1177,4,5,4,4,4,4,5,5,5
1178,2,4,5,3,5,5,5,3,4
1179,2,3,5,4,5,5,5,5,5
1180,2,5,4,2,1,5,5,2,1
1181,1,2,3,2,1,3,5,1,1
1182,4,5,5,4,3,5,5,4,3
1183,5,3,4,3,4,5,5,5,5
1184,5,5,5,5,5,5,5,5,5
1185,3,4,5,4,4,5,4,4,4
1187,2,4,4,3,5,5,5,4,1
1188,4,3,4,4,5,3,3,4,5
1191,3,3,4,2,3,3,2,2,4
1192,5,3,3,1,5,4,5,4,4
1193,3,3,2,3,5,4,3,4,3
1194,2,4,5,3,3,4,2,5,2
1195,4,4,5,4,4,5,5,4,4
1196,2,4,4,2,5,5,3,4,4
1198,2,1,5,2,5,5,5,1,1
1199,5,4,5,3,3,5,4,4,3
1200,2,4,2,2,3,3,3,3,3
1201,3,3,3,3,3,3,3,3,3
1202,4,4,1,1,5,5,4,4,1
1203,1,4,4,3,3,4,2,2,3
1204,5,1,4,2,5,5,5,5,4
1205,3,5,5,5,5,5,5,3,5
1207,5,4,3,4,4,5,4,4,3
1209,4,3,3,3,4,5,5,4,2
1210,5,5,5,5,5,3,5,4,5
1211,5,5,4,3,3,5,5,1,4
1212,5,4,4,4,5,5,5,5,3
1213,2,3,4,2,3,3,3,2,2
1214,4,4,4,3,3,3,3,3,4
1216,5,1,5,2,5,5,5,5,1
1218,4,4,4,4,4,4,4,4,4
1219,3,1,5,2,2,4,5,2,1
1220,3,4,3,5,5,5,4,3,3
1221,3,4,4,1,5,5,3,4,2
1222,5,3,5,4,5,5,4,5,5
1223,4,4,4,4,3,3,5,5,3
1224,4,4,5,4,5,5,4,4,3
1225,4,4,3,3,3,3,3,3,3
1226,2,3,3,3,2,4,3,4,3
1227,4,3,5,5,3,5,5,5,4
1228,3,3,3,3,3,3,3,3,3
1229,5,5,3,3,5,5,5,5,5
1230,1,2,4,3,5,5,1,3,5
1231,3,3,2,2,5,5,3,4,3
1232,4,4,5,4,4,5,4,4,5
1233,5,5,4,3,5,5,5,5,4
1234,1,4,1,1,4,1,3,4,2
1235,5,5,4,3,5,5,5,4,5
1236,5,1,3,1,1,1,1,3,1
1238,3,1,4,1,1,1,3,4,1
1239,5,3,5,3,5,5,4,5,5
1242,5,2,3,3,5,5,5,3,3
1243,4,4,3,4,4,4,4,4,4
1244,5,4,5,4,5,4,5,4,5
1245,5,5,5,3,5,5,5,5,5
1246,5,5,5,1,5,5,5,5,5
1247,4,4,4,4,5,5,4,4,4
1248,3,1,4,1,4,3,5,4,3
1249,5,5,5,4,4,5,5,5,5
1251,4,4,5,5,4,4,5,5,3
1252,4,3,4,1,4,4,4,4,4
1253,3,1,3,4,1,2,5,2,3
1254,3,5,4,2,5,5,3,5,4
1255,4,4,5,3,4,4,3,5,2
1256,3,2,4,3,2,5,5,2,4
1257,4,3,4,4,3,4,4,4,3
1258,5,5,4,2,5,5,5,5,5
1261,1,3,4,5,2,4,2,4,4
1262,3,4,3,2,3,3,3,4,3
1263,5,4,4,5,3,2,4,4,2
1264,3,2,2,1,1,2,4,4,2
1265,3,3,3,3,3,3,3,3,3
1266,4,4,3,2,5,4,4,4,3
1267,3,3,4,3,3,4,3,3,1
1268,5,4,5,5,3,4,5,5,5
1269,2,5,3,1,2,2,3,4,1
1271,3,5,4,3,5,5,5,5,4
1273,4,4,3,2,4,5,3,4,3
1274,3,1,4,3,4,4,5,4,3
1275,3,3,4,1,5,5,4,4,3
1277,3,4,4,3,4,3,4,3,4
1278,3,3,2,3,1,2,2,2,2
1279,3,3,4,3,3,5,3,3,3
1280,5,5,2,2,3,3,5,5,3
1281,4,4,3,1,4,5,4,4,1
1282,4,3,5,4,3,4,5,5,3
1283,4,3,3,4,4,5,5,5,3
1284,3,3,4,3,5,5,1,4,3
1285,4,4,5,4,1,5,2,5,3
1286,4,4,4,1,4,4,4,4,4
1288,3,1,2,2,2,5,5,5,4
1289,4,5,2,1,5,5,3,5,3
1290,4,1,1,1,1,5,2,1,1
1291,5,3,5,3,5,4,4,4,3
1292,3,4,3,3,5,4,4,4,4
1293,2,2,4,1,3,4,2,2,4
1294,2,1,2,1,5,5,5,4,3
1295,4,3,3,3,4,4,4,4,2
1296,4,3,5,2,3,5,3,4,3
1297,4,2,3,1,2,4,5,2,4
1299,1,1,4,1,5,5,5,4,3
1301,3,4,3,1,5,5,5,5,3
1305,4,5,4,5,3,5,4,4,3
1307,5,5,5,4,3,5,5,4,4
1308,4,5,2,1,5,5,3,5,3
1309,4,5,4,1,5,5,5,5,3
1311,2,3,3,3,4,2,2,2,3
1312,5,4,4,3,4,5,5,5,5
1313,4,4,3,3,3,4,4,4,4
1314,3,3,3,3,4,4,4,4,3
1317,4,2,5,4,2,5,3,2,2
1318,3,3,3,3,3,3,3,3,3
1319,4,4,4,1,4,4,4,5,3
1328,3,3,3,2,4,5,4,4,5
1329,2,1,1,1,1,2,4,1,1
1330,4,4,4,3,4,5,5,4,5
1331,5,5,5,4,4,4,4,4,5
1333,3,4,4,5,3,5,4,3,4
1334,4,5,5,2,5,5,1,3,5
1335,4,2,4,2,5,5,4,3,3
1339,3,2,5,4,3,5,5,4,5
1341,2,3,4,4,2,2,2,4,2
1344,5,5,5,4,5,5,5,4,3
1346,3,2,3,1,5,5,5,5,4
1355,1,5,3,5,5,5,5,5,3
1358,3,4,5,1,3,4,3,3,3
1359,4,4,2,2,5,5,4,3,3
1360,4,4,5,3,5,5,5,5,3
1361,3,2,2,3,2,2,3,2,2
1366,3,3,1,2,2,4,4,4,3
1367,3,4,5,4,3,4,4,3,3
1368,3,2,3,2,5,4,5,4,4
1369,3,2,4,3,5,2,5,4,3
1371,3,3,4,3,3,3,3,3,4
1372,5,5,5,5,5,5,5,5,5
1374,4,4,4,5,5,5,5,4,5
1375,3,3,4,2,4,4,4,4,4
1378,3,4,4,5,3,4,4,4,4
1380,3,3,2,2,3,5,2,3,2
1384,4,3,4,4,5,4,4,3,4
1387,3,2,3,3,3,4,4,2,4
1388,5,2,3,5,2,3,5,3,4
1391,5,4,5,3,4,4,3,3,5
1394,3,3,5,5,3,5,3,5,3
1397,4,2,4,2,3,4,3,4,4
1401,4,5,5,3,5,5,3,5,5
1402,1,3,5,5,5,5,1,5,3
1403,2,2,1,3,2,3,3,3,2
1406,4,5,5,3,5,5,5,5,3
1407,2,4,5,5,2,3,2,5,2
1408,3,5,4,2,5,5,5,5,4
1410,3,2,5,2,4,2,3,4,3
1411,4,4,4,4,4,4,4,4,4
1416,3,3,3,3,3,4,4,3,3
1417,3,3,3,3,3,3,3,3,3
1418,4,5,5,5,4,5,5,5,5
1419,2,3,3,3,3,4,2,3,2
1420,3,4,5,4,3,4,4,4,4
1423,3,3,3,3,3,3,3,3,3
1426,4,1,5,1,5,5,5,5,5
1427,1,4,3,5,4,4,3,4,3
1428,3,5,3,2,5,5,4,5,4
1429,3,2,4,1,1,5,2,4,4
1430,5,4,4,3,5,5,4,5,4
1431,3,4,4,3,4,4,4,4,3
1432,5,5,2,2,5,5,5,5,5
1434,3,5,4,2,5,5,3,4,3
1435,4,5,5,5,5,5,3,5,5
1436,2,2,4,1,3,5,2,4,4
1437,4,2,3,1,5,5,4,4,1
1439,2,3,3,1,5,5,1,4,4
1440,4,2,4,3,3,3,5,3,3
1442,2,2,2,4,2,2,4,4,2
1443,3,4,3,2,3,4,3,4,3
1444,1,2,3,1,4,4,4,3,3
1447,4,4,5,4,5,4,4,3,4
1448,3,3,3,3,2,4,5,4,2
1449,3,5,3,5,4,5,5,5,3
1450,4,4,5,3,5,3,5,2,5
1451,4,4,4,3,3,4,5,4,4
1452,5,5,5,5,5,5,5,5,5
1453,1,1,2,1,1,1,2,1,1
1455,5,3,4,1,5,4,3,5,4
1459,3,4,4,3,3,4,4,4,4
1460,3,4,4,3,4,3,3,3,3
1463,4,4,4,4,4,5,4,4,4
1464,3,2,3,3,4,4,4,4,3
1465,3,4,5,5,5,5,4,4,4
1466,5,4,3,4,4,4,4,3,3
1468,3,4,4,4,4,5,5,5,4
1471,4,3,4,5,3,5,3,3,4
1472,3,4,3,3,4,4,4,4,3
1473,3,4,5,4,5,4,5,2,2
1475,3,4,4,1,5,5,4,5,5
1477,4,2,3,2,4,4,3,3,2
1480,1,4,4,1,4,5,5,5,4
1482,4,4,4,4,4,5,4,4,4
1484,4,3,3,1,5,4,5,5,3
1485,3,4,2,3,5,5,5,4,3
1486,5,5,5,5,5,5,5,5,5
1489,4,4,3,2,3,3,1,3,3
1490,1,1,4,5,5,5,2,3,2
1491,5,5,2,4,5,5,5,3,4
1492,2,4,5,4,4,5,4,4,4
1493,5,2,5,2,5,5,5,5,5
1494,3,3,4,3,5,5,4,4,4
1495,4,5,3,3,5,5,4,4,5
1496,4,5,5,3,5,5,4,5,5
1497,2,3,4,3,3,4,4,3,3
1498,3,2,4,2,3,4,2,4,4
1499,3,4,2,3,3,3,3,2,5
1500,4,4,5,2,5,5,3,4,4
1501,4,2,2,1,5,5,4,5,3
1502,4,3,5,1,5,3,5,5,1
1503,5,2,5,5,5,5,5,4,2
1504,5,3,4,3,2,4,5,5,3
1507,5,4,4,4,4,4,5,5,4
1510,4,4,3,4,3,4,5,3,4
1511,5,4,1,2,5,5,4,4,5
1512,3,3,3,3,4,4,5,4,3
1513,2,1,2,2,5,5,4,4,4
1514,1,4,4,4,4,4,1,4,4
1516,4,1,2,3,5,5,4,2,2
1517,2,2,3,5,2,3,4,4,3
1518,3,4,4,3,5,4,3,4,5
1520,5,5,3,5,5,5,5,5,5
1522,3,4,3,2,4,5,3,5,4
1525,3,3,2,1,1,3,1,2,2
1526,3,3,5,1,3,3,3,3,3
1527,2,1,2,1,1,3,3,1,1
1528,4,3,2,4,3,2,3,3,4
1529,2,2,3,3,3,3,2,4,3
1530,4,2,4,1,2,5,4,4,5
1531,3,5,5,3,3,5,2,5,5
1534,5,3,2,2,1,4,5,5,3
1535,5,5,3,1,3,5,5,3,5
1540,1,5,1,4,5,5,5,1,5
1541,4,3,3,1,5,5,4,4,3
1542,2,4,1,2,5,2,4,2,2
1543,4,1,4,1,1,1,5,5,1
1545,3,4,4,3,4,3,4,4,3
1546,5,1,2,2,1,5,3,5,2
1547,1,1,2,1,2,4,4,3,3
1548,4,5,5,2,5,4,4,5,4
1549,3,1,4,2,3,5,5,3,4
1552,3,3,4,4,5,5,3,3,4
1553,3,3,3,4,3,4,3,3,3
1554,3,5,5,4,4,5,4,5,4
1557,4,3,3,4,5,3,3,2,4
1558,5,1,1,1,5,5,5,5,5
1560,3,3,5,4,3,4,4,4,3
1562,3,4,3,3,3,3,3,4,4
1564,3,3,3,4,4,3,3,3,3
1565,4,5,5,5,4,5,5,4,4
1566,4,3,3,4,4,3,3,4,4
1567,3,3,3,3,3,3,2,4,3
1569,5,2,4,2,4,5,3,4,5
1570,1,3,4,3,5,5,4,5,3
1573,3,2,3,4,2,4,4,3,2
1574,4,4,3,2,4,1,3,5,2
1576,3,3,3,2,4,4,3,4,4
1577,4,3,5,3,5,5,5,3,3
1578,1,1,3,3,1,4,3,2,1
1580,3,5,5,5,5,5,5,3,5
1581,5,5,3,4,5,5,5,4,4
1582,5,4,5,1,5,5,3,5,5
1583,2,2,3,2,4,4,4,4,3
1585,5,3,5,4,5,5,5,2,2
1586,3,3,4,2,5,4,4,4,2
1587,5,3,5,3,4,5,5,4,4
1588,3,3,3,3,3,3,4,3,3
1589,5,4,4,5,4,4,4,5,5
1591,3,3,2,1,5,5,2,5,3
1592,3,4,4,3,2,3,4,4,3
1593,3,2,3,2,4,4,3,3,3
1594,5,5,5,4,5,3,5,4,3
1595,4,2,5,3,4,3,3,2,3
1596,4,2,4,5,5,5,3,3,2
1600,3,2,4,4,3,5,4,4,4
1602,4,1,5,1,5,5,5,4,5
1606,3,3,4,4,2,2,5,4,4
1607,3,4,3,3,3,3,4,4,4
1608,4,5,1,2,5,5,4,5,5
1609,3,3,4,2,4,4,4,4,2
1610,1,1,4,1,1,5,2,1,1
1612,1,5,4,2,1,3,1,3,3
1613,4,4,5,4,5,4,5,4,4
1614,3,4,5,3,5,5,3,4,3
1615,3,3,3,3,3,4,3,3,3
1616,5,5,3,2,4,3,5,4,4
1617,1,1,5,1,5,5,4,4,4
1618,3,1,4,1,1,3,1,3,3
1619,1,1,1,1,1,1,1,1,1
1620,3,3,3,3,4,4,3,3,3
1623,5,5,5,5,5,5,5,5,5
1624,1,1,4,1,3,4,4,4,2
1625,2,4,1,2,4,3,3,4,3
1626,5,5,5,1,5,5,5,5,5
1627,3,5,1,4,5,5,4,3,4
1628,1,1,2,2,3,5,2,1,1
1630,5,2,5,5,1,5,5,5,5
1631,3,5,5,4,3,5,3,4,4
1632,3,2,4,4,4,4,3,2,4
1633,4,5,4,3,4,2,3,5,2
1634,1,3,4,1,3,3,3,4,3
1635,4,3,3,3,3,3,4,3,4
1636,3,4,4,4,4,4,4,3,3
1637,3,3,5,4,2,3,4,2,3
1639,2,2,1,1,1,2,2,1,1
1640,3,3,5,3,4,4,3,3,3
1642,4,4,3,2,4,1,4,3,1
1643,1,4,4,2,5,5,5,2,1
1644,3,3,3,3,3,3,3,3,3
1646,5,5,5,3,5,5,5,4,5
1648,4,2,5,1,5,5,3,5,3
1653,5,5,5,5,4,4,5,4,4
1654,4,3,2,2,1,3,5,5,1
1658,4,4,3,3,4,4,4,4,3
1659,3,2,4,1,5,5,4,3,4
1660,3,5,4,3,5,4,5,5,5
1661,3,3,5,3,5,5,5,5,4
1662,3,3,4,1,4,2,4,3,3
1663,5,5,5,5,5,5,5,5,5
1664,4,4,4,3,3,3,3,3,3
1665,2,4,5,1,5,5,4,5,4
1666,3,3,3,1,2,3,4,2,2
1667,4,3,3,1,4,4,3,3,3
1669,5,5,5,3,5,5,5,5,5
1670,5,4,5,5,4,5,5,5,3
1671,4,2,4,3,5,5,5,5,4
1672,4,4,4,4,4,4,4,4,4
1673,2,2,5,4,4,3,4,3,4
1675,3,2,4,3,4,2,3,3,4
1677,3,4,3,2,5,4,3,4,3
1678,3,4,4,3,4,5,4,4,4
1679,4,4,3,3,5,3,3,3,3
1681,2,4,4,3,3,1,1,5,2
1682,5,3,4,4,4,4,5,4,4
1684,4,5,4,2,5,5,5,5,5
1685,2,4,2,1,5,4,3,5,2
1686,3,3,3,3,3,3,3,3,3
1687,5,5,5,5,5,5,5,5,5
1688,5,5,3,5,5,5,5,5,3
1690,5,4,2,5,3,5,5,4,2
1691,4,4,3,1,5,5,5,4,4
1692,4,4,3,2,3,5,5,4,4
1695,5,3,5,3,5,5,5,5,5
1696,2,2,1,4,3,1,4,4,2
1697,1,4,3,2,2,4,4,4,3
1699,1,1,5,1,5,5,5,5,5
1700,2,3,4,3,4,4,1,3,4
1701,3,4,3,2,2,4,4,4,3
1703,3,2,4,2,2,2,4,4,4
1704,3,2,4,4,3,4,3,2,2
1705,4,4,3,5,3,4,3,4,4
1706,3,4,4,2,4,5,4,4,3
1707,1,4,3,1,5,5,2,3,5
1708,2,1,2,1,3,5,2,2,3
1709,1,2,1,1,2,2,2,2,3
1710,2,4,3,4,4,5,5,3,3
1711,5,5,5,5,5,5,5,5,5
1712,2,3,5,2,5,5,5,5,5
1714,2,1,2,4,4,4,3,2,1
1715,3,2,4,2,1,5,5,5,4
1717,1,5,3,1,1,5,1,4,1
1718,5,5,4,4,5,5,5,5,5
1720,5,5,5,3,5,5,5,5,5
1721,4,5,4,5,5,5,4,5,5
1723,3,4,2,1,4,4,4,5,3
1725,2,2,4,1,2,2,3,3,2
1726,4,3,1,2,5,5,3,3,2
1727,2,3,3,2,4,5,4,4,3
1728,2,3,5,2,5,5,5,5,5
1730,4,5,4,2,2,5,5,5,3
1732,4,4,4,4,4,4,5,4,4
1733,3,1,3,2,5,5,4,5,3
1734,4,4,4,3,5,5,3,4,3
1735,4,4,2,3,3,4,2,4,2
1737,3,4,3,4,4,4,4,3,3
1738,5,2,5,4,3,5,2,2,4
1739,3,4,3,2,2,3,4,4,3
1741,3,3,5,4,3,5,3,4,3
1742,2,4,5,3,3,1,1,5,2
1744,5,5,3,4,5,5,5,4,3
1745,2,2,4,2,5,5,4,3,5
1747,3,3,4,3,1,3,4,4,2
1748,4,5,3,2,4,5,5,4,4
1749,4,4,4,4,3,4,4,4,4
1752,3,3,2,3,3,4,4,4,2
1753,5,2,5,2,5,5,5,5,4
1754,4,4,5,3,5,5,4,5,4
1755,2,2,4,2,5,5,4,4,4
1756,4,1,5,1,2,3,2,2,1
1757,1,5,5,1,5,5,1,1,1
1758,2,1,4,1,4,3,1,4,1
1759,2,3,3,2,4,5,3,4,3
1760,4,4,4,4,4,4,4,4,4
1764,4,4,4,1,5,5,2,4,4
1765,3,1,4,4,2,2,3,3,1
1767,2,3,4,3,1,1,2,3,2
1768,5,5,3,2,4,5,5,5,5
1770,3,5,4,3,5,5,3,4,5
1772,4,3,4,3,3,4,4,3,4
1773,2,2,2,1,5,4,5,5,5
1774,2,5,2,1,5,5,5,4,4
1775,1,5,3,3,5,5,5,5,4
1776,3,4,4,3,4,5,4,3,3
1778,1,2,4,1,2,1,3,3,4
1779,3,3,3,2,4,5,4,4,3
1780,5,3,3,5,2,4,4,2,2
1781,3,3,4,1,3,5,3,3,2
1783,4,3,3,2,2,4,2,4,3
1784,4,2,2,3,3,5,5,1,4
1785,3,4,4,1,3,3,5,4,5
1787,3,2,2,3,3,1,2,1,2
1788,4,2,4,3,3,4,4,4,3
1790,3,3,4,3,4,3,2,3,3
1792,4,3,3,2,2,3,5,2,2
1794,3,3,4,3,3,3,3,4,3
1795,4,3,3,4,3,2,2,3,3
1797,4,3,4,4,3,3,4,3,3
1798,2,4,5,3,5,5,3,3,4
1799,3,3,4,4,5,4,4,3,3
1800,3,5,3,1,5,5,5,1,1
1801,3,2,5,4,5,4,5,4,5
1804,4,3,4,2,4,4,2,4,2
1807,4,4,1,1,5,5,3,5,4
1808,4,4,5,3,4,5,5,4,5
1809,1,1,3,1,5,3,5,3,4
1810,5,5,5,5,3,4,5,5,3
1811,5,3,5,2,5,5,5,5,5
1813,4,4,2,4,5,5,5,2,4
1814,3,3,3,3,3,2,4,3,3
1816,2,3,2,1,4,5,5,4,5
1818,2,2,4,1,5,5,4,3,3
1819,2,2,4,1,3,4,2,3,3
1821,5,4,4,4,2,5,4,4,2
1822,3,4,4,3,5,4,3,4,4
1824,4,5,2,5,3,2,3,4,2
1826,2,3,3,3,2,3,3,3,2
1827,3,2,3,3,3,4,2,5,3
1829,5,5,5,5,5,5,5,5,5
1830,3,3,5,1,4,5,3,4,5
1831,4,3,3,4,4,3,3,3,4
1832,2,1,4,3,1,4,5,5,2
1833,3,4,5,4,3,3,4,4,4
1834,3,3,3,2,3,3,4,3,3
1836,4,3,5,2,5,5,5,3,5
1839,2,2,4,5,3,4,3,4,3
1841,4,4,3,2,3,3,3,3,4
1843,3,4,2,1,5,4,4,4,3
1844,4,4,5,2,4,3,3,4,4
1846,2,3,3,2,4,5,3,4,3
1847,5,5,5,4,5,5,4,5,5
1848,4,4,4,4,4,4,4,4,4
1849,4,4,4,4,5,5,4,5,4
1850,1,5,1,3,1,4,4,5,1
1851,5,1,2,2,5,5,2,5,5
1852,3,3,4,4,4,4,3,4,4
1853,4,4,2,1,5,5,5,4,4
1855,5,3,4,4,3,4,4,4,5
1856,2,3,4,2,2,5,4,4,2
1858,3,3,3,3,4,4,4,3,4
1859,4,4,5,4,3,4,2,1,2
1860,1,3,1,1,2,1,3,4,1
1861,1,1,1,3,1,1,1,3,1
1862,4,5,4,4,5,5,5,5,4
1863,3,3,3,3,3,4,5,3,4
1864,5,3,1,3,5,5,5,3,5
1865,4,4,5,1,5,5,1,4,4
1866,4,4,3,3,5,5,3,4,2
1868,3,4,4,3,5,5,5,4,4
1870,1,3,5,2,3,5,3,2,1
1872,4,5,5,2,5,5,3,5,2
1873,3,5,4,4,4,5,4,3,4
1874,3,4,4,3,3,4,4,4,3
1875,3,5,5,3,4,4,4,3,5
1877,4,4,4,4,4,4,4,4,4
1878,3,4,3,3,2,3,3,4,4
1880,5,5,5,4,5,5,4,5,5
1882,3,5,5,2,5,5,3,5,5
1884,4,2,4,2,2,5,4,5,3
1885,1,1,1,1,1,1,1,1,1
1886,1,2,3,3,1,2,2,2,1
1887,2,4,4,4,4,4,3,4,4
1888,1,1,4,4,1,4,2,2,4
1889,5,5,5,4,3,5,5,5,4
1893,4,2,3,2,4,5,3,4,3
1894,2,2,3,1,3,3,3,3,2
1895,4,4,4,3,5,5,5,4,2
1897,5,1,5,1,5,5,5,5,5
1898,5,5,5,5,5,5,5,5,5
1899,4,3,4,3,5,5,4,5,4
1904,4,5,1,4,5,5,4,5,5
1905,3,2,2,1,1,2,2,2,1
1906,5,5,5,5,5,5,5,5,5
1907,1,3,2,3,4,3,3,2,2
1908,3,3,3,3,3,3,3,3,3
1909,5,5,2,1,5,5,5,5,5
1910,5,3,4,4,2,5,4,3,3
1911,3,2,4,1,4,5,5,3,3
1912,2,2,1,1,1,5,5,3,2
1916,5,5,3,5,3,4,5,4,3
1917,3,2,3,2,2,4,4,2,2
1918,4,4,4,4,4,4,4,4,4
1921,5,2,4,2,5,5,4,4,5
1922,4,4,4,4,4,5,4,4,4
1923,3,5,5,3,3,5,5,4,3
1924,4,5,3,3,5,5,5,4,4
1925,4,3,2,3,4,3,3,4,3
1927,2,3,2,1,5,4,5,5,2
1929,2,3,3,3,2,2,3,3,4
1930,3,4,2,4,3,2,3,3,4
1931,2,2,4,2,4,4,4,2,3
1932,5,3,4,1,5,5,4,4,2
1933,4,3,2,3,3,4,5,3,2
1938,2,5,4,2,5,5,4,4,3
1939,3,5,5,5,5,4,4,4,5
1940,3,5,2,4,1,5,2,4,3
1941,5,3,4,3,5,5,5,5,4
1944,4,1,4,2,4,4,4,2,2
1945,5,5,4,3,5,5,5,4,5
1946,3,1,2,1,1,1,5,3,4
1948,3,4,3,3,3,5,3,5,2
1949,2,2,5,2,4,4,3,4,5
1951,2,3,3,2,4,3,2,3,3
1953,3,5,5,1,5,5,3,5,3
1954,5,2,3,4,3,4,4,4,4
1955,2,3,4,2,5,5,3,4,3
1956,4,4,4,2,5,5,4,4,4
1957,1,4,3,2,1,5,1,4,3
1958,2,2,2,2,2,2,2,2,2
1959,4,3,2,2,2,4,5,4,3
1960,3,2,4,2,3,4,4,3,3
1961,3,3,3,4,3,5,4,5,4
1962,4,5,4,4,4,4,5,4,4
1965,3,3,3,2,3,3,3,3,3
1966,5,5,5,3,5,5,5,5,5
1967,3,3,4,3,3,3,4,5,3
1968,4,4,4,5,4,5,4,3,3
1969,4,4,4,2,3,5,4,4,3
1970,3,5,5,5,1,5,3,3,2
1971,3,3,5,4,3,3,4,2,4
1972,4,4,4,1,3,5,3,3,2
1973,3,3,5,4,4,4,4,4,5
1974,5,4,3,3,5,5,5,5,5
1976,5,1,2,2,5,5,5,4,2
1979,3,5,5,4,5,4,3,4,3
1982,5,5,5,4,4,4,5,4,5
1983,1,1,1,1,5,5,5,5,5
1984,3,3,3,3,3,3,3,4,3
1985,3,3,3,3,3,3,3,3,3
1986,4,4,4,3,4,4,5,4,4
1988,3,4,4,4,4,4,4,3,3
1990,4,5,5,2,5,5,4,5,5
1991,3,4,4,3,2,5,4,4,4
1992,4,5,5,4,5,5,5,4,3
1994,4,4,2,4,5,5,2,3,4
1995,2,3,4,3,2,2,4,2,4
1996,4,3,5,4,4,5,4,5,4
1999,4,4,4,4,3,3,4,4,4
2001,2,3,4,3,3,4,4,3,3
2002,4,5,3,2,4,5,4,5,4
2003,4,4,5,3,3,4,5,5,4
2008,5,1,5,1,4,5,1,5,1
2012,5,5,5,5,5,5,5,5,5
2015,5,4,2,3,4,2,4,5,3
2017,1,1,1,1,5,5,2,4,2
2019,4,5,1,2,5,5,5,4,2
2020,3,2,3,2,2,5,2,2,5
2021,2,2,5,3,5,5,5,4,4
2022,4,3,4,1,5,5,4,5,2
2024,4,5,3,3,4,4,5,5,5
2025,4,3,3,5,4,3,5,2,3
2029,3,3,3,3,3,3,3,3,3
2032,4,3,4,3,4,5,4,4,4
2033,4,2,2,2,2,4,1,2,2
2035,5,4,3,2,3,5,5,5,5
2036,4,4,4,4,4,4,4,4,4
2037,4,3,4,4,4,4,4,4,3
2041,5,5,5,5,5,5,4,5,5
2042,5,2,3,3,4,4,5,4,3
2043,5,3,3,4,3,4,5,3,3
2050,5,1,5,2,4,5,5,1,2
2051,5,3,5,3,4,5,4,5,3
2052,3,3,4,3,3,4,4,4,3
2053,2,3,3,3,3,3,4,4,2
2054,4,4,4,4,4,4,3,4,4
2055,1,1,3,3,5,5,3,3,4
2056,4,3,3,2,5,4,4,4,3
2058,3,2,3,3,4,4,2,3,3
2060,5,1,4,1,5,5,5,4,5
2061,3,5,4,3,5,5,4,2,4
2062,3,4,5,4,5,5,5,4,3
2065,4,4,5,5,5,5,5,2,4
2066,4,4,4,4,5,5,5,4,4
2069,3,5,5,1,1,5,3,5,3
2071,3,3,2,1,4,3,4,3,3
2076,5,5,5,1,2,4,3,3,4
2077,2,4,4,2,3,4,2,3,2
2080,3,3,4,2,5,5,4,4,3
2081,4,1,2,4,5,5,3,4,4
2082,5,5,2,3,1,5,4,2,3
2084,4,5,2,1,5,5,5,4,3
2085,3,3,3,1,5,3,4,4,5
2089,4,4,4,3,4,5,5,3,5
2091,4,4,4,4,5,5,5,5,5
2092,3,4,3,3,3,4,3,4,3
2094,4,3,5,4,5,5,5,5,5
2095,2,1,3,1,1,4,3,4,1
2098,3,3,5,4,2,3,3,4,3
2099,3,5,4,1,5,4,5,5,3
2101,3,2,4,3,4,5,4,3,5
2103,3,2,2,2,2,2,3,2,2
2104,4,4,4,4,4,4,4,5,3
2105,4,4,5,4,5,5,5,4,5
2107,5,5,5,5,5,5,5,5,5
2109,3,4,3,4,4,4,2,3,4
2112,5,3,2,1,5,5,5,5,4
2113,5,4,3,3,5,5,5,5,4
2114,5,5,2,3,5,5,5,5,5
2115,3,4,3,3,3,4,4,4,3
2116,3,3,2,2,2,5,4,5,5
2117,4,3,4,2,5,5,4,2,2
2120,3,2,2,2,2,2,5,2,2
2121,3,3,3,3,3,3,3,3,3
2122,4,3,4,3,4,4,5,4,4
2123,4,4,5,3,3,4,3,3,3
2126,5,2,1,1,1,5,5,1,3
2129,2,2,2,2,5,5,2,2,2
2131,3,3,3,3,3,3,3,3,3
2132,3,3,4,4,2,4,4,2,2
2135,5,4,4,2,5,4,3,3,4
2136,3,5,5,5,5,5,4,3,5
2137,1,5,4,1,1,5,3,5,4
2139,3,4,3,4,3,4,4,4,4
2140,4,3,5,4,4,5,5,5,3
2141,5,4,5,4,5,5,5,5,3
2142,3,3,5,5,4,4,4,5,4
2143,4,3,2,2,2,4,4,3,2
2144,3,4,4,2,5,5,4,4,3
2145,5,3,3,3,3,3,4,4,4
2146,3,4,4,4,3,4,4,3,4
2147,2,2,5,2,3,5,4,4,3
2148,5,4,5,5,4,5,5,5,5
2149,5,3,5,1,5,5,3,4,5
2150,3,2,4,1,2,4,4,5,2
2151,2,3,3,1,1,1,1,4,1
2152,4,4,5,5,4,5,4,5,5
2153,4,4,4,2,5,5,4,5,3
2154,5,5,5,5,5,5,5,5,5
2155,4,5,5,5,5,5,5,5,4
2156,4,4,4,2,5,5,4,3,5
2157,3,2,3,2,3,4,2,5,3
2158,4,5,3,4,4,3,5,5,4
2160,2,1,3,2,4,4,4,2,2
2161,2,1,4,1,5,5,2,5,4
2162,2,3,4,3,2,3,4,3,2
2163,1,1,1,1,1,1,1,1,1
2164,4,4,4,3,4,5,4,4,2
2165,5,4,4,5,4,5,5,4,4
2167,4,3,3,3,4,2,3,3,3
2168,2,5,3,4,2,3,3,3,4
2169,5,2,5,2,5,5,3,4,5
2170,5,3,3,3,3,3,4,5,5
2171,5,4,4,4,5,5,5,5,3
2172,3,5,1,3,5,5,5,5,3
2174,5,2,2,5,5,4,4,3,5
2175,4,4,3,2,5,5,5,4,3
2176,3,2,3,2,3,3,2,2,3
2177,4,4,4,4,4,5,5,5,3
2178,5,3,3,3,4,5,5,5,4
2179,5,5,3,5,5,5,5,5,5
2181,5,4,5,4,5,5,5,4,4
2182,2,1,4,1,5,5,3,2,1
2183,4,4,4,4,4,4,4,4,4
2184,4,3,3,3,3,4,3,4,1
2185,2,4,3,1,4,4,3,3,3
2186,2,4,5,1,2,4,4,5,4
2187,4,3,4,3,4,5,3,4,5
2190,5,5,3,4,5,4,5,4,4
2191,2,5,5,4,4,5,3,3,4
2192,3,4,4,2,1,5,4,4,4
2194,4,5,5,3,5,5,5,3,5
2195,5,3,5,5,4,4,3,5,4
2197,4,5,3,4,4,4,2,4,3
2198,2,3,3,3,3,3,2,3,3
2199,4,4,4,3,4,5,5,5,4
2201,3,3,4,3,2,3,4,2,3
2202,2,3,2,1,5,5,5,5,4
2203,4,3,5,4,3,5,5,4,5
2204,4,5,4,4,3,5,4,4,4
2205,5,5,5,5,5,5,5,5,5
2206,2,4,4,3,1,5,5,3,3
2207,3,5,3,3,4,5,4,4,4
2208,1,1,5,4,4,5,4,3,4
2209,4,3,5,5,4,4,2,2,4
2210,4,4,4,3,4,4,5,5,3
2211,1,3,1,1,5,5,3,1,1
2212,4,4,2,3,5,4,5,3,4
2213,3,4,3,2,5,5,3,4,3
2214,5,5,5,5,5,5,5,5,3
2215,4,5,3,3,4,4,5,4,5
2216,4,4,4,4,2,4,2,2,4
2217,3,2,3,2,3,2,3,4,4
2218,1,3,2,2,3,4,2,2,3
2220,4,4,5,4,3,5,5,4,4
2221,4,3,4,3,4,4,3,3,3
2223,4,3,2,1,5,5,5,5,1
2224,2,1,1,1,5,5,3,2,3
2225,5,1,3,1,3,4,4,3,3
2226,3,3,4,3,1,3,4,3,4
2227,4,4,2,3,5,4,5,3,4
2228,4,4,4,4,3,5,5,5,4
2229,3,3,4,2,4,4,2,4,4
2230,4,4,3,3,4,5,5,5,4
2232,4,2,3,4,3,5,2,4,4
2233,3,4,2,3,2,4,2,3,3
2234,4,5,5,5,3,5,4,4,5
2236,3,4,5,4,4,5,3,3,5
2237,4,3,4,4,3,4,5,4,3
2238,3,3,4,3,3,5,3,5,4
2239,5,2,4,5,2,4,3,3,3
2240,1,4,2,1,2,5,1,3,1
2241,2,5,4,4,3,5,4,3,3
2242,3,4,5,2,3,5,2,2,2
2243,4,3,4,4,4,4,5,5,5
2244,3,4,4,3,4,3,2,4,4
2245,4,4,5,5,5,5,2,3,3
2246,3,1,3,1,5,3,5,5,4
2247,3,5,5,5,5,5,4,5,5
2248,3,4,5,3,5,3,1,5,5
2249,4,4,2,3,5,4,5,3,4
2250,2,2,3,2,3,3,3,5,3
2251,4,4,4,4,2,4,4,3,4
2252,4,2,2,3,3,3,3,4,4
2253,3,3,4,4,4,5,5,5,4
2254,4,4,4,4,3,3,3,3,3
2256,5,3,3,3,3,3,5,3,3
2257,4,5,3,4,2,4,4,3,3
2258,1,1,1,1,1,1,1,1,1
2259,2,1,2,1,4,2,3,2,5
2260,3,3,4,3,3,3,1,2,3
2261,5,5,5,5,5,5,5,5,5
2262,3,1,1,2,5,5,4,4,1
2263,3,4,5,4,3,5,4,5,5
2264,3,3,3,1,5,3,1,5,5
2265,4,4,4,4,5,5,4,4,4
2267,4,4,3,5,2,4,3,3,3
2268,3,3,4,3,4,5,4,4,4
2269,2,5,1,5,5,5,5,1,3
2270,3,3,4,3,4,4,3,4,3
2271,4,3,5,5,2,5,4,5,4
2272,3,3,4,2,4,4,3,4,3
2274,1,3,5,1,1,5,3,2,3
2275,4,3,2,2,3,3,4,3,3
2276,4,3,5,4,4,4,4,4,5
2277,4,3,5,5,4,5,4,3,4
2278,3,4,4,4,4,4,4,3,4
2279,3,4,3,1,5,4,3,4,3
2280,5,4,5,4,3,5,4,4,4
2281,1,4,3,3,1,4,4,3,1
2282,3,2,3,2,4,4,4,2,3
2284,4,4,2,3,5,4,5,3,4
2285,1,2,4,2,3,4,2,3,2
2286,3,4,3,2,5,5,4,5,4
2287,3,4,3,3,3,4,4,3,4
2289,2,1,5,4,1,4,3,2,5
2290,3,5,5,5,3,3,4,5,4
2292,2,4,3,2,4,5,3,4,4
2293,4,3,5,2,1,5,2,3,2
2294,2,4,3,3,2,4,3,2,3
2295,3,3,3,2,5,4,5,4,4
2296,5,3,3,3,5,5,5,5,5
2298,4,4,2,3,5,4,5,3,4
2299,3,2,4,1,5,5,3,3,4
2302,2,1,1,1,2,5,4,1,2
2305,2,3,2,1,3,4,1,2,2
2306,1,5,1,5,5,5,5,1,5
2307,3,2,1,1,1,4,5,3,1
2308,3,3,3,2,4,4,5,3,3
2309,4,3,3,3,4,5,4,5,4
2311,4,4,2,3,5,4,5,3,4
2312,5,5,5,5,5,5,5,5,5
2313,3,5,5,3,5,5,5,5,4
2314,5,5,5,5,5,5,5,5,4
2315,5,2,5,3,5,5,5,4,2
2316,2,2,2,2,3,3,3,3,2
2317,3,3,3,2,2,2,3,3,3
2318,2,5,2,1,5,5,4,4,4
2319,1,5,5,5,5,5,5,1,4
2320,3,2,5,5,4,4,4,4,4
2321,3,5,4,4,3,4,2,4,4
2322,4,3,4,4,3,4,3,4,4
2323,4,4,5,4,5,5,4,5,5
2324,5,5,4,4,5,5,5,4,4
2325,5,5,5,5,1,5,5,5,5
2326,4,5,5,4,5,5,5,3,5
2327,2,5,1,5,1,5,3,5,5
2328,1,3,3,2,4,3,3,3,4
2329,4,4,2,3,5,4,5,3,4
2330,3,4,2,3,3,4,3,2,4
2331,3,1,5,5,5,5,5,5,1
2332,5,5,2,2,5,5,5,5,2
2333,4,5,4,2,5,5,3,4,5
2334,4,2,3,1,5,5,3,3,2
2335,4,4,2,3,5,5,5,3,4
2336,4,4,2,3,5,4,5,3,4
2338,4,4,2,3,5,4,5,3,4
2339,4,4,2,3,3,5,5,3,5
2340,4,3,5,5,4,5,4,3,5
2342,3,1,3,4,5,3,2,3,4
2343,3,5,3,2,3,5,2,5,2
2344,2,2,5,3,3,4,3,2,2
2345,2,5,5,2,4,2,3,3,3
2346,4,4,4,4,4,4,4,4,5
2347,4,3,3,2,5,5,5,5,3
2348,4,2,4,1,5,5,4,4,3
2349,2,5,3,2,4,5,2,4,5
2350,5,2,3,3,2,3,5,2,2
2351,5,5,5,5,5,5,5,5,5
2352,5,4,3,2,5,5,3,5,5
2353,2,2,1,1,5,5,2,4,4
2354,3,5,4,4,3,5,4,4,4
2356,4,4,3,1,2,5,4,5,4
2357,2,2,4,2,4,5,2,3,3
2358,4,4,4,4,5,4,4,4,4
2359,4,5,5,5,5,5,5,4,5
2360,4,5,5,5,5,5,3,5,5
2361,4,4,3,3,3,3,3,4,3
2362,3,3,4,1,5,5,5,3,4
2363,5,5,5,4,5,5,5,4,5
2365,4,5,2,3,5,5,5,5,5
2367,5,5,5,5,5,5,5,5,5
2368,3,3,2,3,2,3,2,4,3
2369,3,3,3,3,3,4,4,3,3
2370,4,5,4,4,5,5,4,4,5
2371,2,5,4,2,2,4,4,2,2
2372,3,4,4,1,4,5,4,5,3
2373,5,5,4,3,3,4,4,4,4
2374,1,5,4,3,1,5,4,2,2
2375,1,2,5,1,5,5,5,5,2
2376,4,4,5,1,3,4,4,4,4
2377,4,3,3,3,3,3,5,3,3
2378,1,1,1,1,1,1,1,1,1
2379,1,5,2,3,1,4,4,1,4
2380,4,3,4,5,3,5,3,2,3
2381,4,2,4,2,4,4,4,4,3
2382,1,1,1,1,1,1,1,1,1
2383,3,2,3,3,5,3,3,3,4
2384,2,4,3,2,3,3,4,2,2
2385,5,5,5,5,5,5,5,5,5
2386,4,4,5,5,4,4,5,4,4
2388,2,1,1,1,1,1,1,1,1
2389,4,1,5,2,4,5,4,5,4
2391,4,4,4,4,4,5,4,4,3
2393,2,3,4,3,3,3,3,2,2
2394,3,2,4,3,3,2,3,2,4
2395,4,3,3,4,3,4,4,3,4
2397,2,3,5,2,3,4,3,4,3
2398,2,5,4,3,5,3,1,5,4
2400,4,5,5,5,4,2,3,2,2
2401,2,3,4,1,5,5,1,3,4
2402,4,2,4,1,5,5,4,5,2
2403,5,4,5,1,5,5,5,5,3
2404,5,5,5,5,5,5,5,5,5
2405,3,2,2,3,4,3,4,3,3
2406,3,5,3,3,5,5,5,5,5
2407,3,4,5,5,4,4,5,5,3
2408,3,4,4,2,5,5,4,3,4
2409,4,4,4,4,4,4,2,4,4
2410,1,1,4,1,5,5,4,3,3
2411,3,2,3,1,5,5,3,4,3
2412,5,4,5,5,4,4,5,5,4
2413,4,4,3,3,2,4,3,3,3
2414,3,3,2,1,5,5,5,5,2
2415,1,4,3,1,5,5,1,3,5
2416,4,4,3,2,5,3,4,4,2
2417,1,4,3,1,5,5,3,1,2
2418,2,3,5,1,5,5,5,5,5
2419,1,3,4,2,4,5,3,4,4
2420,2,3,2,1,4,4,1,2,2
2422,1,1,1,1,4,5,4,4,5
2423,3,4,4,4,5,4,3,3,3
2424,5,5,5,5,5,5,5,5,5
2425,2,2,3,2,3,3,2,3,3
2426,4,4,4,2,3,3,3,2,3
2427,4,4,3,4,4,4,5,4,4
2428,3,1,3,2,3,4,4,1,4
2429,5,2,5,1,5,5,5,5,5
2430,1,1,1,1,1,1,5,1,1
2433,3,3,3,3,4,4,4,4,3
2434,4,3,4,2,4,3,3,4,3
2435,1,1,1,4,1,1,1,1,1
2436,4,4,4,3,3,4,4,4,3
2437,1,1,5,3,1,5,3,1,4
2438,4,3,3,3,3,3,3,3,3
2439,3,3,3,2,4,4,4,3,3
2440,4,4,5,3,5,4,4,4,3
2441,2,2,5,3,4,3,4,5,5
2442,5,5,4,1,5,5,4,4,5
2443,4,4,5,2,5,5,5,5,3
2444,5,5,5,5,5,5,4,5,5
2445,4,3,5,1,4,5,5,5,5
2446,4,3,4,3,3,3,4,4,2
2447,4,4,4,4,1,4,4,4,3
2448,4,3,3,1,3,4,5,1,3
2449,3,4,4,2,4,4,3,4,4
2450,3,3,3,1,3,5,4,4,4
2452,5,5,5,4,4,4,4,4,5
2453,2,1,4,1,1,5,3,3,2
2454,4,5,4,3,5,4,3,5,3
2455,5,5,5,5,5,5,5,5,5
2456,3,3,3,4,3,3,2,2,4
2457,4,4,4,3,3,3,3,3,4
2458,4,4,4,5,3,3,3,4,3
2459,3,5,5,1,1,1,2,4,3
2461,4,2,5,3,2,4,5,3,4
2462,5,5,5,3,2,3,4,2,3
2463,5,3,2,2,3,4,2,3,3
2464,4,4,5,4,3,5,3,5,4
2466,5,5,2,4,3,4,3,4,5
2467,4,5,5,4,4,4,4,5,4
2468,3,3,4,3,3,3,3,4,3
2469,3,2,2,5,4,4,4,2,4
2470,4,4,3,2,3,5,3,4,5
2471,3,1,3,1,5,5,3,3,4
2472,2,2,5,4,1,1,4,5,2
2473,3,2,3,2,2,2,2,2,2
2475,3,1,4,1,5,5,5,3,3
2476,4,2,4,3,4,5,4,4,1
2478,3,2,4,4,3,4,4,2,3
2479,5,5,5,3,5,5,5,5,5
2480,4,2,2,3,2,3,4,3,3
2482,4,4,4,2,4,3,4,4,3
2483,4,5,4,5,4,5,4,4,4
2484,4,3,3,2,5,5,4,4,3
2485,3,4,4,4,3,3,3,3,3
2486,2,5,2,1,5,5,3,3,2
2487,2,2,4,4,4,5,4,3,4
2488,3,3,4,4,3,4,3,4,3
2489,2,4,4,3,3,1,1,5,2
2491,5,4,4,5,4,2,5,4,4
2492,5,5,4,5,5,5,5,5,5
2493,4,3,5,5,3,5,4,4,4
2494,3,3,3,4,3,3,2,2,2
2495,3,3,4,4,2,4,3,3,3
2497,4,4,4,3,5,4,5,4,5
2498,5,2,5,1,2,4,5,5,2
2499,3,5,5,3,5,5,4,4,3
2502,2,3,3,2,3,3,4,3,2
2503,3,4,3,3,5,4,4,4,5
2504,4,4,5,4,5,5,3,5,4
2505,4,5,4,1,5,5,5,5,5
2506,2,1,1,1,5,4,3,3,3
2507,4,4,3,2,4,4,4,4,4
2508,2,2,2,2,4,3,3,3,3
2509,4,2,1,2,3,3,2,5,3
2510,3,5,5,4,3,5,4,4,4
2512,1,5,4,3,5,5,3,5,3
2513,5,5,4,4,1,5,2,5,3
2515,3,3,3,3,3,4,4,3,3
2517,5,4,4,4,3,4,4,5,4
2518,3,2,2,2,1,3,5,2,3
2519,4,4,4,2,3,5,4,5,4
2520,4,3,3,2,5,5,5,5,4
2521,4,4,4,3,5,5,4,4,4
2522,5,5,2,2,2,5,5,5,5
2523,5,3,5,1,5,5,5,5,3
2524,4,5,5,5,3,3,4,5,4
2525,4,5,4,2,4,5,4,4,3
2526,5,5,4,3,5,5,5,5,4
2527,5,4,4,4,5,5,5,5,4
2528,4,3,2,2,4,4,4,4,3
2529,4,2,3,3,2,3,3,2,2
2530,5,5,3,1,5,5,1,5,5
2532,3,2,2,1,5,5,5,5,4
2533,4,2,5,4,4,5,4,1,2
2534,5,5,5,3,5,5,4,5,5
2537,4,5,2,2,5,5,4,5,5
2538,3,5,4,4,5,5,5,4,5
2539,4,2,4,2,2,5,2,3,3
2541,4,1,4,1,5,5,1,5,5
2542,3,4,4,3,4,3,4,3,3
2543,3,3,4,3,3,3,4,3,4
2544,3,1,2,4,1,2,1,2,3
2545,4,3,5,5,4,4,4,3,4
2547,4,4,4,4,4,5,4,4,4
2548,4,3,3,3,3,3,5,3,3
2549,4,4,4,5,4,4,4,4,5
2550,2,2,2,2,2,2,2,2,2
2551,4,2,5,3,2,4,4,4,2
2552,2,2,4,2,3,5,3,2,4
2553,5,5,5,1,5,5,5,5,5
2554,3,2,4,1,5,5,5,3,2
2555,4,4,4,5,5,4,4,5,4
2556,1,2,1,1,1,3,4,3,1
2557,3,2,3,5,3,4,4,4,4
2559,5,5,3,5,1,5,5,4,1
2560,4,4,5,2,1,5,5,4,3
2561,4,3,3,2,3,3,3,3,3
2562,3,3,3,3,3,4,4,3,3
2563,3,2,4,2,4,5,4,3,2
2564,1,1,4,1,4,4,1,3,2
2565,5,4,3,4,4,4,4,3,5
2566,1,4,4,3,4,4,3,3,3
2567,2,1,3,1,1,3,4,1,3
2569,2,4,4,3,3,1,1,5,2
2570,4,5,5,5,4,5,2,4,4
2571,2,3,2,2,3,3,2,2,2
2572,3,3,3,5,5,5,4,5,3
2573,2,2,2,2,2,2,2,1,2
2574,5,5,2,1,5,5,5,5,5
2578,2,3,3,3,2,3,3,2,3
2579,3,3,5,2,1,5,4,1,1
2580,2,3,5,1,5,5,2,5,4
2581,3,3,4,2,5,3,5,5,4
2582,3,5,4,4,3,3,4,3,4
2585,3,4,2,1,3,2,5,5,4
2586,4,3,4,5,1,5,3,4,2
2587,5,4,4,4,5,4,4,4,4
2588,3,3,4,3,5,5,4,4,4
2590,5,5,2,5,5,5,2,2,2
2591,2,2,4,5,5,5,4,4,3
2593,5,5,5,5,5,5,5,5,5
2594,2,3,1,1,5,5,4,3,3
2595,1,1,5,4,3,5,5,3,4
2596,2,5,3,3,5,2,3,1,5
2598,3,3,3,3,3,4,4,3,3
2601,4,4,4,4,5,4,4,3,4
2602,2,3,4,3,5,5,4,5,4
2606,5,4,5,4,5,5,4,3,3
2607,2,1,5,1,1,3,5,1,3
2609,4,5,4,3,5,5,4,5,5
2611,5,5,5,1,5,5,5,5,5
2612,4,5,4,3,5,5,4,2,4
2613,2,4,4,1,2,5,4,2,3
2616,1,1,3,1,1,2,1,1,1
2620,5,5,4,3,5,4,4,4,4
2621,4,3,2,3,4,4,3,4,2
2623,4,5,5,1,5,5,5,5,5
2624,5,5,5,2,5,5,5,5,5
2626,5,3,4,4,5,5,3,5,3
2627,4,5,3,4,4,5,3,5,4
2629,4,4,1,1,5,5,4,5,1
2631,3,5,2,2,4,3,4,3,4
2632,3,3,3,1,4,4,4,5,4
2633,4,4,5,3,4,5,4,5,5
2634,4,4,5,4,4,5,4,4,4
2635,4,4,4,3,4,4,4,3,4
2636,2,3,4,4,4,4,4,3,4
2637,3,4,5,3,3,3,5,4,4
2638,2,2,4,4,3,4,5,3,4
2639,4,4,4,4,5,4,4,4,5
2640,2,3,5,1,5,5,4,5,2
2643,3,3,3,2,2,4,4,3,2
2644,3,4,3,4,3,5,3,4,2
2645,3,4,3,3,4,2,3,3,2
2649,3,4,4,3,4,4,3,3,4
2650,5,5,3,4,5,5,5,5,4
2651,3,3,3,4,4,4,4,4,3
2652,1,5,4,3,5,5,4,5,4
2653,2,3,5,3,4,3,1,3,2
2654,1,3,3,1,1,3,4,5,1
2655,3,3,3,3,3,3,3,3,3
2656,1,1,5,1,2,3,3,2,2
2657,4,1,1,1,3,5,5,4,3
2658,2,5,3,2,5,5,5,5,5
2660,4,4,4,3,5,5,5,5,5
2664,3,1,5,3,3,5,4,2,4
2666,3,4,3,2,2,3,3,3,2
2667,3,3,3,3,3,4,4,3,3
2668,5,5,4,1,1,5,5,4,1
2673,5,5,4,5,4,5,5,3,3
2675,3,3,3,3,3,3,3,3,3
2677,3,3,2,2,5,5,5,3,4
2678,4,4,4,4,4,4,4,4,4
2681,4,3,3,4,5,5,4,3,5
2682,3,2,4,2,3,4,4,3,2
2683,3,3,4,1,3,5,3,3,3
2684,5,4,4,4,3,4,4,5,4
2685,4,4,4,3,5,5,5,3,5
2687,3,2,2,1,1,3,3,1,3
2688,2,2,4,4,5,5,3,5,5
2689,5,5,5,5,5,5,5,5,5
2691,2,2,4,1,4,5,5,5,2
2693,1,1,3,1,4,5,3,1,4
2695,5,1,5,1,5,5,5,5,4
2696,3,4,4,3,3,3,4,3,4
2697,4,4,3,5,5,5,5,4,3
2698,1,1,2,3,2,3,3,2,2
2700,3,3,4,3,3,4,3,3,4
2701,4,2,5,3,3,3,4,3,4
2703,3,5,4,2,3,5,3,4,5
2705,4,4,5,5,5,4,3,4,5
2706,4,4,3,4,4,4,3,3,3
2709,1,1,2,1,3,4,1,1,1
2711,4,4,2,3,2,4,3,4,2
2712,5,5,5,3,5,5,5,4,5
2713,4,4,4,3,3,4,1,3,3
2714,2,2,3,1,4,5,3,2,3
2716,3,4,5,4,5,5,4,5,5
2717,4,4,5,3,5,5,3,4,3
2719,4,2,3,4,2,5,5,4,3
2720,1,2,3,1,4,5,3,1,3
2722,4,1,3,4,1,4,5,1,2
2724,1,2,2,1,1,2,4,5,1
2725,4,3,4,2,4,4,4,4,4
2727,5,4,4,5,3,5,5,5,5
2728,5,5,5,5,5,5,5,5,5
2729,5,4,3,4,3,5,5,2,5
2730,5,5,5,3,5,5,5,5,5
2731,4,3,3,4,4,3,4,3,4
2732,5,5,5,5,5,5,4,5,4
2734,3,2,4,2,4,3,3,4,3
2735,3,4,2,2,3,4,4,4,2
2736,5,5,5,1,5,5,5,5,5
2737,3,3,3,3,3,5,3,3,3
2739,5,5,5,5,5,5,5,5,5
2740,4,5,5,4,4,5,5,2,3
2742,4,4,5,3,3,4,5,4,3
2743,2,2,2,2,2,2,2,2,2
2744,3,3,4,4,5,5,3,4,5
2745,5,5,5,5,5,5,5,5,5
2746,4,4,3,3,5,4,5,4,4
2748,4,4,3,2,2,5,4,3,3
2749,1,3,3,4,5,5,5,3,5
2750,3,3,3,2,2,4,4,3,3
2751,5,5,4,4,4,5,5,5,4
2752,5,4,3,1,5,5,4,5,5
2754,5,5,5,5,5,5,5,5,5
2758,2,3,4,3,4,3,3,4,4
2759,2,5,4,4,5,4,3,3,4
2761,5,5,5,5,5,5,5,5,5
2765,5,3,4,3,4,5,5,5,3
2766,4,5,4,4,5,5,4,5,4
2768,2,1,1,1,5,4,3,4,3
2769,3,2,4,1,5,5,2,3,3
2773,4,5,5,3,5,4,3,4,3
2774,4,4,4,1,5,5,5,4,5
2775,5,5,5,4,4,5,5,5,5
2776,3,2,3,1,4,3,3,4,2
2777,3,1,3,3,4,5,5,4,4
2778,2,1,1,2,4,5,4,4,1
2779,1,1,3,1,1,3,3,1,2
2780,4,5,5,2,5,5,3,5,4
2783,4,5,5,3,5,5,5,3,2
2784,4,3,4,3,3,5,3,4,4
2785,3,5,5,5,2,5,4,5,2
2786,4,3,3,3,4,4,4,4,3
2787,4,3,4,1,3,4,2,3,4
2788,3,5,5,4,3,5,4,5,2
2789,4,4,5,5,4,4,3,4,5
2790,5,5,5,2,5,4,4,5,5
2791,4,4,4,3,4,3,4,4,4
2792,4,4,4,2,5,5,5,4,3
2794,2,1,2,3,5,5,4,5,5
2795,5,5,5,3,5,5,5,5,5
2796,3,3,4,3,3,4,4,4,3
2798,4,3,4,4,5,5,5,5,4
2799,2,3,5,1,5,5,3,5,4
2800,2,4,3,3,4,5,1,3,4
2801,4,4,4,3,5,4,5,4,5
2802,3,3,3,4,2,4,3,2,3
2803,3,3,3,3,3,4,4,3,3
2804,4,3,2,1,5,5,5,4,3
2805,4,3,3,5,4,4,4,4,4
2806,3,5,2,4,2,2,3,1,1
2807,4,5,4,2,4,4,5,4,4
2808,3,3,4,5,2,3,4,4,4
2809,5,3,3,1,5,5,5,5,5
2810,1,3,4,1,5,4,2,2,4
2812,3,4,2,4,2,4,5,3,2
2813,5,2,4,2,4,5,5,5,3
2814,3,4,3,2,4,5,4,5,3
2815,3,3,3,3,3,4,4,3,3
2816,5,3,1,5,5,5,5,5,4
2817,3,3,3,2,3,3,4,4,3
2818,3,3,4,2,5,4,3,4,4
2819,4,3,4,3,5,5,5,5,3
2820,2,3,3,4,2,5,3,3,3
2821,5,5,5,5,5,5,5,5,5
2824,3,4,5,3,2,5,5,3,3
2826,4,4,4,2,4,5,4,3,4
2828,4,1,4,2,4,5,5,2,3
2829,3,4,3,2,2,3,3,4,3
2830,4,4,3,3,3,4,3,4,3
2832,4,3,3,1,5,5,5,4,2
2834,4,4,3,1,5,5,5,5,4
2835,2,2,5,1,5,5,3,5,5
2836,4,5,1,2,5,5,4,4,3
2837,4,5,4,5,4,4,5,4,5
2838,5,5,5,3,5,5,5,5,5
2839,5,5,4,5,3,5,4,5,3
2840,4,1,3,2,5,3,4,4,4
2841,3,1,2,3,5,5,2,4,4
2842,5,1,1,2,5,5,5,4,1
2843,2,3,3,3,3,4,4,3,3
2845,5,5,4,3,5,5,5,5,5
2846,3,3,2,1,5,5,3,4,3
2847,3,2,4,3,3,2,3,2,4
2849,5,5,4,3,5,5,5,5,5
2850,5,2,4,2,5,5,4,2,3
2851,2,4,3,1,5,5,3,5,3
2852,4,3,2,3,3,4,3,4,4
2853,5,5,5,5,5,5,5,5,5
2854,3,3,4,3,2,4,5,4,3
2855,4,2,5,4,5,5,4,5,2
2856,5,5,5,3,3,5,5,5,5
2857,3,3,3,3,3,3,3,3,3
2858,5,5,5,3,5,5,5,5,5
2859,4,5,5,3,5,5,5,4,4
2860,1,3,2,3,1,4,5,2,2
2861,4,5,4,5,4,5,5,4,5
2862,1,1,3,1,5,5,3,1,1
2864,4,5,3,4,3,5,4,4,5
2865,5,5,5,5,5,5,5,5,5
2866,5,4,4,4,5,5,4,3,4
2867,3,3,3,1,5,5,5,5,2
2868,5,5,5,5,5,5,5,5,5
2869,3,5,3,2,3,3,4,5,3
2871,4,3,4,2,2,5,5,3,4
2872,2,3,3,3,3,4,4,3,3
2873,4,4,4,4,3,5,4,4,3
2874,4,5,3,1,3,5,5,5,3
2875,3,2,4,1,3,5,4,2,4
2878,1,4,2,3,3,1,5,3,2
2880,3,1,2,1,5,4,4,3,3
2882,3,4,5,5,4,4,4,5,4
2883,4,3,1,3,4,5,4,4,5
2885,4,3,2,3,3,4,2,5,2
2887,2,1,5,3,1,5,4,4,2
2888,2,5,1,1,5,5,4,5,1
2889,5,3,3,4,4,4,5,5,3
2890,2,3,4,4,4,4,3,5,4
2891,2,1,4,1,5,5,4,3,4
2893,5,5,5,5,5,5,5,5,5
2894,3,1,4,3,5,5,2,2,3
2896,3,2,4,4,5,5,5,5,3
2897,3,4,1,4,3,3,3,3,2
2898,5,4,4,4,4,5,3,4,4
2899,1,3,5,1,5,5,3,3,4
2900,3,3,3,3,5,5,5,3,4
2901,4,3,2,4,5,5,3,5,3
2902,3,3,3,4,5,5,5,5,5
2903,3,1,2,1,3,5,3,4,1
2904,4,2,5,4,1,5,4,4,2
2905,3,4,4,3,4,4,4,4,3
2906,5,4,5,4,5,4,4,5,4
2907,4,5,4,4,4,3,4,5,5
2908,5,4,3,4,3,4,5,5,4
2909,5,5,5,5,4,5,5,1,1
2910,3,5,2,2,5,5,3,5,3
2911,4,3,5,3,3,4,4,4,3
2912,3,3,3,2,3,1,4,4,2
2913,4,3,3,3,5,4,4,4,3
2914,5,5,5,2,4,5,5,5,5
2917,2,3,1,4,2,5,5,3,2
2918,4,3,3,2,4,3,4,5,3
2919,5,5,5,3,5,4,3,5,3
2920,3,1,1,1,3,3,2,3,1
2921,4,3,2,4,3,4,4,2,3
2923,3,3,5,4,4,4,5,5,4
2924,2,4,2,1,2,3,3,4,4
2926,2,3,2,2,5,5,2,3,3
2927,4,3,3,2,3,4,4,4,3
2928,2,3,3,3,3,4,4,3,3
2929,5,4,5,2,2,5,4,3,4
2930,5,5,5,5,5,5,1,1,5
2931,4,5,2,2,5,5,5,4,2
2932,2,2,4,2,3,5,5,4,4
2933,3,3,5,4,5,5,4,5,4
2934,5,3,3,4,4,5,5,2,4
2935,3,1,3,2,4,3,3,5,3
2936,1,4,2,1,4,4,4,1,1
2938,4,4,5,5,2,3,3,4,3
2939,5,5,4,3,4,5,3,5,5
2940,1,5,1,1,5,5,1,5,2
2942,3,1,2,4,3,4,3,2,4
2943,3,5,5,3,4,5,5,5,4
2944,4,1,4,3,5,5,5,5,5
2945,4,3,3,3,3,3,4,3,3
2946,3,3,3,3,3,4,4,3,3
2947,1,5,4,5,5,5,5,5,3
2948,3,4,3,4,4,5,3,4,4
2949,3,5,2,2,5,5,5,5,5
2950,2,2,4,4,4,4,3,2,2
2951,2,2,3,4,3,3,4,3,3
2952,4,5,3,3,5,5,4,5,3
2953,2,2,4,3,4,4,3,3,3
2954,3,4,2,1,5,3,5,4,1
2955,3,3,2,3,4,3,4,3,4
2956,3,3,4,3,3,4,3,3,3
2957,3,2,4,3,3,3,5,4,4
2958,3,4,5,2,5,5,4,5,3
2959,4,4,3,1,5,5,4,5,3
2960,3,3,5,2,3,5,3,3,3
2961,2,5,3,2,5,5,4,5,4
2963,1,2,5,4,2,3,3,2,2
2964,5,4,3,3,5,5,5,4,5
2965,5,3,3,4,4,4,4,4,5
2966,4,3,2,2,5,5,5,5,4
2968,3,2,3,3,4,5,3,2,4
2969,3,5,5,2,5,5,3,4,3
2970,3,3,3,3,3,4,4,3,3
2971,4,4,3,3,3,5,5,4,3
2972,3,3,3,1,5,5,4,5,3
2973,5,5,3,3,5,5,5,5,4
2974,2,4,4,5,2,4,4,5,1
2975,3,3,3,3,3,4,4,3,3
2976,3,3,4,2,2,4,2,4,3
2977,4,5,5,5,5,4,4,5,5
2978,3,3,2,2,2,4,4,4,3
2979,4,3,4,3,4,5,4,5,3
2980,4,5,4,2,4,5,3,4,4
2981,5,4,4,5,2,5,4,3,3
2984,4,3,3,3,3,3,2,4,4
2985,3,3,3,4,4,2,2,2,3
2987,1,1,2,1,3,1,2,2,5
2988,3,3,3,3,3,4,4,3,3
2989,3,4,2,1,3,5,2,2,4
2992,3,4,5,3,4,5,4,4,5
2995,2,3,3,3,3,4,4,3,3
2996,4,3,3,3,3,3,5,3,3
2998,4,4,3,4,5,5,5,5,3
3001,4,3,3,2,3,4,4,3,4
3002,4,4,5,3,4,3,4,5,4
3003,4,3,4,3,3,3,3,4,3
3005,3,4,4,3,4,4,4,3,4
3006,5,4,5,4,5,5,4,3,5
3007,5,2,5,3,5,5,5,5,5
3008,5,3,5,3,5,5,4,4,3
3009,1,5,4,2,3,4,4,4,3
3011,4,4,4,4,5,5,4,4,4
3012,4,3,5,2,4,5,4,5,4
3016,5,5,5,4,5,5,5,5,5
3017,1,1,1,1,1,1,1,1,1
3018,3,5,5,5,5,5,5,5,1
3021,2,2,1,1,4,2,2,1,2
3022,4,5,4,3,3,4,4,4,3
3023,5,5,5,5,5,5,5,5,5
3024,3,5,4,4,5,5,5,5,4
3026,2,2,3,1,1,2,2,3,1
3027,1,2,2,2,5,5,4,2,4
3028,4,4,4,3,5,4,4,5,4
3029,3,4,5,4,5,5,4,5,5
3030,5,4,5,4,5,5,5,5,5
3031,4,4,4,3,2,5,3,3,5
3032,3,3,4,2,3,3,3,2,3
3033,4,3,4,4,4,5,5,4,4
3034,4,3,2,3,5,5,5,5,5
3035,3,5,3,3,5,5,5,5,3
3036,3,3,4,2,4,5,4,3,5
3037,5,1,3,1,3,5,4,4,2
3038,5,2,5,5,4,5,5,5,4
3039,3,3,3,1,5,4,2,3,4
3040,4,5,4,2,5,5,1,2,3
3041,4,5,2,4,5,5,5,3,3
3042,3,3,5,4,3,5,4,4,4
3043,1,5,3,1,5,5,3,5,5
3044,5,2,5,1,5,3,5,5,5
3045,4,4,4,4,5,5,4,4,5
3046,5,5,5,5,5,5,5,5,5
3047,2,2,3,1,5,5,4,3,3
3048,4,5,2,4,2,4,5,3,4
3049,3,3,2,5,5,5,5,4,2
3051,3,4,4,3,4,5,4,2,2
3052,5,4,4,3,5,4,4,5,4
3053,2,5,1,2,5,4,4,5,5
3054,5,4,5,4,5,5,4,4,4
3055,3,3,4,3,4,5,5,3,4
3056,4,1,4,1,5,4,5,5,4
3057,4,4,4,4,5,5,4,4,5
3058,2,2,1,1,1,5,3,2,1
3059,4,5,5,5,5,5,4,4,4
3060,4,4,4,4,5,5,4,4,5
3061,5,4,3,3,4,4,5,4,4
3062,5,3,5,4,5,4,5,4,5
3063,4,5,3,3,3,5,2,4,3
3064,2,3,2,3,3,4,4,4,3
3065,4,4,3,3,3,4,3,3,3
3067,3,4,4,3,5,5,4,4,4
3069,5,5,5,4,3,5,5,5,5
3070,5,3,2,1,5,5,3,4,2
3072,1,5,4,3,4,5,5,5,3
3073,4,2,3,2,4,5,3,4,3
3074,3,3,3,3,2,3,3,3,3
3075,1,5,5,4,3,5,4,5,3
3077,4,4,3,2,4,5,4,4,3
3078,2,2,3,3,5,5,3,4,5
3082,4,4,4,4,5,5,4,4,5
3084,3,3,5,3,5,5,4,4,5
3085,4,4,4,3,5,4,5,5,4
3086,1,3,5,4,5,5,4,5,4
3087,2,2,2,2,4,2,4,4,3
3089,2,2,2,1,4,4,4,4,2
3090,2,3,4,3,2,3,5,3,3
3091,1,1,4,1,4,5,1,1,1
3092,3,2,3,3,2,2,4,2,3
3093,4,4,4,3,2,4,5,4,3
3096,3,2,5,2,4,4,4,5,2
3097,5,2,3,1,2,5,5,3,1
3098,4,4,4,4,5,5,4,4,5
3100,5,2,1,5,4,5,3,5,4
3101,3,4,3,2,3,5,5,5,5
3102,5,5,5,5,5,5,5,5,5
3103,3,4,2,3,5,5,3,4,3
3104,2,3,3,2,4,3,4,2,3
3105,1,4,3,4,3,4,3,3,4
3106,3,2,4,2,4,4,3,4,4
3107,5,5,3,3,5,5,5,5,3
3108,4,5,5,4,5,5,4,5,4
3110,5,3,3,2,2,5,5,4,4
3111,3,3,4,4,4,4,4,5,3
3112,3,2,4,3,4,4,4,3,2
3113,3,2,3,4,2,4,2,3,4
3115,4,4,1,1,5,5,4,5,1
3117,4,4,4,3,1,5,3,4,4
3118,2,2,3,3,3,4,4,3,3
3119,4,3,1,3,5,5,3,3,3
3120,2,2,2,2,2,2,2,2,2
3121,5,5,5,5,5,5,5,5,5
3122,4,5,2,5,5,4,5,3,2
3123,2,3,4,1,5,5,3,5,5
3124,4,3,2,3,4,4,5,2,5
3125,5,5,4,4,4,5,5,5,4
3126,5,4,4,2,5,5,4,4,5
3128,5,5,4,4,4,5,5,5,4
3129,5,4,3,5,5,5,5,5,2
3130,3,4,3,2,5,4,4,4,4
3131,5,5,4,4,4,5,5,5,4
3132,3,5,3,3,5,5,2,4,4
3133,2,2,4,1,3,5,4,4,1
3134,5,5,3,3,4,5,4,5,3
3135,3,4,4,2,5,5,4,4,5
3136,5,5,4,4,4,5,5,5,4
3137,5,3,4,1,4,5,5,5,4
3139,3,3,5,2,5,5,4,2,4
3140,3,2,4,1,1,4,3,2,3
3141,5,5,4,4,4,5,5,5,4
3142,4,3,4,1,5,5,4,5,4
3143,4,4,3,4,3,5,4,4,4
3144,4,5,4,5,5,4,3,3,3
3145,5,5,4,4,4,5,5,5,4
3146,5,4,4,2,5,5,5,4,5
3147,1,5,4,3,3,5,2,1,1
3148,5,5,4,4,4,5,5,5,4
3149,4,4,3,4,4,4,3,4,4
3150,5,5,4,4,4,5,5,5,4
3151,3,5,1,4,5,4,3,5,4
3152,5,5,4,4,4,5,5,5,4
3154,1,5,2,2,5,5,3,5,5
3155,2,2,2,2,2,3,3,1,2
3157,5,5,4,4,4,5,5,5,4
3158,2,2,5,4,3,5,4,2,1
3159,5,5,4,4,4,5,5,5,4
3160,4,5,4,1,5,5,5,5,5
3161,3,4,5,4,5,3,3,3,4
3162,5,5,4,4,4,5,5,5,4
3163,3,4,4,3,4,4,5,4,4
3164,4,3,3,5,4,5,3,4,4
3165,3,4,5,3,5,5,4,4,4
3166,2,2,1,3,5,5,5,5,2
3167,3,4,4,4,4,4,4,4,3
3168,4,5,3,4,5,5,5,4,4
3169,4,4,3,4,3,5,2,5,4
3170,4,4,4,4,5,4,4,4,4
3171,5,5,5,5,5,5,5,5,5
3172,3,3,4,3,4,5,3,3,4
3173,5,5,3,3,3,3,4,3,4
3174,3,3,2,3,4,3,2,3,3
3175,5,5,4,3,2,5,4,5,4
3176,2,3,4,3,2,4,2,4,3
3177,3,2,5,2,5,3,1,3,5
3178,3,3,4,4,5,4,4,4,3
3179,3,3,4,4,4,4,2,5,4
3182,3,2,5,5,2,4,4,4,4
3183,5,5,4,4,4,5,5,5,4
3184,5,5,4,4,4,5,5,5,4
3185,5,3,5,3,3,4,4,3,5
3186,1,2,5,1,5,5,1,2,1
3187,3,4,4,3,3,5,3,4,4
3188,2,4,4,1,1,4,4,3,3
3189,3,3,5,4,3,4,1,4,4
3190,4,4,4,3,3,4,4,4,4
3191,3,4,4,4,2,4,2,2,3
3192,3,1,4,4,2,4,4,2,4
3193,2,1,5,5,1,5,4,3,1
3194,5,5,5,3,5,5,5,4,3
3195,3,2,4,4,3,5,1,5,4
3196,1,3,2,1,2,4,1,1,1
3197,4,5,3,3,1,3,5,5,2
3198,3,4,4,4,4,4,4,3,1
3199,3,3,3,3,3,4,3,4,4
3200,3,2,2,4,3,3,1,3,3
3201,4,3,3,3,5,5,3,3,4
3202,3,2,4,3,2,4,5,5,2
3203,3,3,4,4,4,3,2,3,2
3204,3,4,4,4,4,3,1,2,4
3205,2,4,3,1,5,5,1,3,3
3206,4,5,4,1,5,5,4,5,3
3207,1,1,5,1,3,4,4,4,1
3208,3,5,2,4,1,5,4,3,4
3209,5,4,2,5,5,5,5,5,3
3210,5,5,3,3,2,5,2,5,4
3211,2,4,1,2,4,5,2,3,3
3212,3,1,4,2,3,5,4,5,5
3213,4,4,4,4,4,4,4,3,3
3214,3,4,3,2,2,4,4,3,3
3215,3,3,3,4,4,4,2,3,2
3216,5,5,4,4,4,5,5,5,4
3217,3,4,3,3,5,3,2,4,1
3218,3,3,2,4,2,4,2,3,3
3219,3,3,4,4,4,3,2,3,2
3220,4,3,3,3,5,3,2,3,3
3221,5,5,4,4,4,5,5,5,4
3222,2,2,3,2,3,2,4,4,2
3223,3,4,3,2,3,3,3,3,4
3224,4,4,3,4,3,4,3,3,4
3225,3,2,3,4,2,4,3,2,3
3226,5,4,5,3,5,5,5,5,5
3227,3,3,4,4,3,3,2,3,2
3228,5,4,4,4,5,5,5,4,5
3229,3,4,4,4,2,4,3,4,3
3230,5,5,4,4,4,5,5,5,4
3232,3,2,5,5,2,3,5,5,4
3233,4,3,5,3,5,4,5,4,4
3234,3,4,4,4,2,5,2,4,2
3235,5,5,4,4,4,5,5,5,4
3236,4,2,1,2,5,5,4,5,4
3237,1,5,5,1,1,5,1,5,1
3238,5,5,4,4,4,5,5,5,4
3239,5,3,5,3,4,5,5,3,3
3240,1,3,5,5,4,5,3,3,5
3241,5,3,5,3,5,5,5,5,4
3243,1,5,5,5,5,5,5,4,5
3244,3,3,2,3,3,5,2,3,4
3245,5,5,4,4,4,5,5,5,4
3246,3,4,2,3,2,3,3,4,3
3247,5,4,2,4,1,1,4,4,2
3248,3,4,4,5,3,4,4,5,2
3249,3,4,4,2,2,3,3,4,3
3250,3,3,5,5,4,4,4,3,4
3252,4,5,4,1,1,4,5,5,3
3253,4,3,3,3,5,5,5,5,5
3254,4,5,3,4,4,4,4,4,3
3255,4,4,3,2,5,5,4,4,5
3258,4,5,4,5,4,5,5,5,3
3259,5,5,4,4,4,5,5,5,4
3260,5,3,5,4,4,4,4,4,3
3261,2,5,4,3,3,5,2,3,3
3262,3,2,4,3,5,5,5,4,5
3263,4,4,4,3,3,4,4,4,3
3264,3,4,4,2,1,1,2,4,1
3265,3,5,4,4,5,4,2,4,3
3266,3,5,4,5,5,4,4,5,4
3268,4,4,3,1,1,4,5,4,4
3269,5,5,4,4,4,5,5,5,4
3270,1,1,4,3,1,4,2,2,3
3271,4,1,5,3,5,5,4,4,4
3272,3,5,5,4,1,4,3,3,2
3273,4,3,4,3,5,5,5,5,3
3274,4,5,3,4,4,3,3,3,2
3275,3,2,5,4,3,3,3,3,2
3276,3,4,4,3,2,4,2,4,3
3277,3,2,4,4,3,4,2,3,4
3278,5,5,4,4,4,5,5,5,4
3279,3,5,4,4,3,3,2,5,2
3280,5,5,3,3,3,5,2,1,3
3281,1,1,5,3,3,5,3,3,3
3283,4,4,4,3,5,5,4,5,4
3284,5,5,4,4,4,5,5,5,4
3285,1,1,4,5,2,2,4,3,3
3286,5,5,4,4,4,5,5,5,4
3287,5,3,5,4,1,3,5,5,4
3288,4,4,4,2,5,5,5,3,4
3289,1,5,1,1,4,4,1,5,3
3290,5,5,4,4,4,5,5,5,4
3291,4,2,5,2,2,3,2,5,4
3292,4,4,3,3,3,4,3,3,4
3293,5,5,4,4,4,5,5,5,4
3294,3,5,4,2,5,5,5,5,5
3295,5,5,4,4,4,5,5,5,4
3297,5,5,4,4,4,5,5,5,4
3298,5,5,4,4,4,5,5,5,4
3299,3,4,3,2,4,5,2,3,3
3300,5,5,4,4,4,5,5,5,4
3301,3,4,1,4,5,4,5,3,3
3302,1,1,2,2,3,5,1,1,2
3304,5,5,4,4,4,5,5,5,4
3305,5,3,5,3,1,5,1,3,1
3306,5,5,4,4,4,5,5,5,4
3307,3,3,3,4,2,4,2,2,3
3308,5,5,4,4,4,5,5,5,4
3309,2,2,4,1,5,5,3,3,4
3310,3,2,2,2,1,2,3,1,2
3311,5,5,4,4,4,5,5,5,4
3312,3,3,3,4,3,4,2,2,3
3315,5,4,3,2,5,5,5,5,4
3317,4,2,5,2,4,5,4,3,2
3318,4,4,4,3,3,5,4,3,3
3319,4,3,3,3,5,5,4,4,5
3321,5,2,4,5,3,5,4,3,4
3322,5,5,4,4,4,5,5,5,4
3323,3,4,2,2,4,3,1,4,1
3324,5,5,4,4,4,5,5,5,4
3325,3,3,3,4,4,3,5,4,3
3326,3,3,5,4,5,5,2,3,2
3328,5,5,4,4,4,5,5,5,4
3329,4,5,4,2,3,4,4,5,4
3330,4,3,3,2,5,5,4,4,3
3331,4,4,4,4,4,4,3,4,4
3332,4,2,3,3,1,4,4,2,4
3333,3,3,4,4,4,4,2,2,4
3335,5,4,5,4,4,5,4,4,4
3336,4,4,4,4,5,5,4,4,5
3337,4,4,4,4,5,5,4,4,5
3338,3,3,4,3,4,3,2,3,5
3339,4,4,4,4,5,5,4,4,5
3340,5,5,5,3,4,4,5,4,4
3341,4,3,4,3,5,3,4,5,3
3342,1,3,4,1,4,3,4,4,3
3343,3,2,4,3,2,2,4,4,4
3344,3,3,4,4,3,5,2,4,3
3345,4,3,4,2,4,5,3,4,4
3346,3,1,1,1,5,4,5,5,3
3347,5,1,3,1,4,5,5,5,3
3348,5,2,5,2,3,5,3,5,5
3349,3,3,3,4,2,3,3,4,3
3350,1,5,3,2,2,3,5,4,3
3351,3,3,4,2,5,5,4,3,3
3352,3,3,4,4,3,5,3,4,4
3353,3,3,2,3,2,3,2,3,3
3354,1,1,5,3,5,5,5,5,5
3355,3,2,3,2,5,5,5,5,3
3356,3,1,1,3,5,5,4,1,1
3357,3,3,3,3,3,3,2,4,4
3358,4,1,3,1,5,3,4,4,3
3359,4,3,3,3,4,4,4,4,4
3360,4,3,3,3,3,3,3,3,4
3361,4,3,2,1,5,5,4,4,4
3362,3,5,4,3,5,5,3,5,3
3363,4,5,2,1,2,5,1,4,3
3364,3,2,2,3,3,3,2,3,2
3365,4,4,3,3,3,3,4,4,4
3366,2,2,1,1,2,2,2,1,1
3367,3,3,3,2,4,4,4,3,3
3368,1,5,5,1,5,5,4,5,1
3369,3,3,3,3,3,3,3,3,3
3370,5,4,3,2,4,5,5,3,2
3371,5,5,5,3,3,5,4,4,2
3372,3,3,3,3,3,2,2,3,4
3374,5,3,3,4,5,5,5,5,3
3375,4,3,4,3,2,2,2,2,3
3377,3,4,5,3,3,3,3,4,3
3379,4,3,3,3,3,3,4,3,3
3380,3,4,4,2,4,4,3,5,3
3382,4,4,4,3,4,4,5,4,3
3383,5,4,5,5,4,5,4,4,4
3384,3,3,2,4,3,4,3,2,3
3385,4,3,1,1,1,3,1,1,1
3386,4,4,4,4,3,4,3,4,3
3387,2,4,3,4,2,2,3,3,1
3388,1,1,4,2,4,5,5,1,1
3389,4,5,2,3,4,2,2,4,3
3390,5,5,5,5,2,5,5,5,5
3391,3,3,3,3,3,3,2,2,3
3392,1,5,5,5,3,5,5,5,1
3394,4,4,3,2,4,4,4,4,3
3395,3,1,5,1,3,5,5,3,1
3396,2,5,5,5,3,5,5,5,1
3397,1,2,4,2,1,4,1,1,1
3399,4,4,3,1,4,5,3,5,2
3400,2,2,2,2,2,2,2,2,2
3401,3,2,3,2,4,5,3,4,3
3402,4,3,3,2,4,5,5,4,2
3403,1,2,4,3,3,5,2,3,3
3404,1,3,3,3,3,4,1,4,3
3406,2,3,4,2,5,5,4,3,5
3407,2,2,2,2,2,2,2,2,2
3408,3,3,2,2,3,2,2,3,2
3409,5,3,1,2,5,5,5,5,5
3410,3,2,3,2,3,4,3,3,3
3412,3,3,2,3,2,3,2,3,3
3413,3,3,3,3,3,3,2,3,4
3415,3,3,4,3,3,4,4,4,4
3416,3,3,3,4,2,3,3,3,4
3417,3,4,3,3,4,5,4,3,3
3418,3,3,4,1,5,5,1,4,1
